Command line invocation:
    /Applications/Xcode.app/Contents/Developer/usr/bin/xcodebuild -project CinematicCoreMacOS/CinematicCoreMacOS.xcodeproj -scheme CinematicCoreMacOS -configuration Debug -destination platform=macOS -derivedDataPath /tmp/alfie-diagnostics/build CODE_SIGNING_ALLOWED=NO build-for-testing

Build settings from command line:
    CODE_SIGNING_ALLOWED = NO

--- xcodebuild: WARNING: Using the first of multiple matching destinations:
{ platform:macOS, arch:arm64, id:00006040-000A70203AA0801C, name:My Mac }
{ platform:macOS, arch:x86_64, id:00006040-000A70203AA0801C, name:My Mac }
ComputePackagePrebuildTargetDependencyGraph

Prepare packages

CreateBuildRequest

SendProjectDescription

CreateBuildOperation

ComputeTargetDependencyGraph
note: Building targets in dependency order
note: Target dependency graph (4 targets)
    Target 'CinematicCoreMacOSUITests' in project 'CinematicCoreMacOS'
        ➜ Explicit dependency on target 'CinematicCoreMacOS' in project 'CinematicCoreMacOS'
    Target 'CinematicCoreMacOSTests' in project 'CinematicCoreMacOS'
        ➜ Explicit dependency on target 'CinematicCoreMacOS' in project 'CinematicCoreMacOS'
    Target 'CinematicCoreMacOS' in project 'CinematicCoreMacOS'
        ➜ Explicit dependency on target 'CinematicCoreExtension' in project 'CinematicCoreMacOS'
    Target 'CinematicCoreExtension' in project 'CinematicCoreMacOS' (no dependencies)

GatherProvisioningInputs

CreateBuildDescription

ExecuteExternalTool /Applications/Xcode.app/Contents/Developer/Toolchains/XcodeDefault.xctoolchain/usr/bin/clang -v -E -dM -isysroot /Applications/Xcode.app/Contents/Developer/Platforms/MacOSX.platform/Developer/SDKs/MacOSX26.2.sdk -x c -c /dev/null

ExecuteExternalTool /Applications/Xcode.app/Contents/Developer/Toolchains/XcodeDefault.xctoolchain/usr/bin/swiftc --version

ExecuteExternalTool /Applications/Xcode.app/Contents/Developer/usr/bin/actool --version --output-format xml1

ExecuteExternalTool /Applications/Xcode.app/Contents/Developer/Toolchains/XcodeDefault.xctoolchain/usr/bin/ld -version_details

Build description signature: 2cb3caa92e6cdb6c6e1a27f1f8aab1eb
Build description path: /tmp/alfie-diagnostics/build/Build/Intermediates.noindex/XCBuildData/2cb3caa92e6cdb6c6e1a27f1f8aab1eb.xcbuilddata
ClangStatCache /Applications/Xcode.app/Contents/Developer/Toolchains/XcodeDefault.xctoolchain/usr/bin/clang-stat-cache /Applications/Xcode.app/Contents/Developer/Platforms/MacOSX.platform/Developer/SDKs/MacOSX26.2.sdk /tmp/alfie-diagnostics/build/SDKStatCaches.noindex/macosx26.2-25C57-dc75598d0054f22ec865fa860f139d7200fa09913b459cbbc988d1f6730289ae.sdkstatcache
    cd /Users/stephanmorris/Documents/macOS-rl-viritual-camera/CinematicCoreMacOS/CinematicCoreMacOS.xcodeproj
    /Applications/Xcode.app/Contents/Developer/Toolchains/XcodeDefault.xctoolchain/usr/bin/clang-stat-cache /Applications/Xcode.app/Contents/Developer/Platforms/MacOSX.platform/Developer/SDKs/MacOSX26.2.sdk -o /tmp/alfie-diagnostics/build/SDKStatCaches.noindex/macosx26.2-25C57-dc75598d0054f22ec865fa860f139d7200fa09913b459cbbc988d1f6730289ae.sdkstatcache

MkDir /tmp/alfie-diagnostics/build/Build/Products/Debug/Morris.CinematicCoreMacOS.CinematicCoreExtension.systemextension/Contents/Resources (in target 'CinematicCoreExtension' from project 'CinematicCoreMacOS')
    cd /Users/stephanmorris/Documents/macOS-rl-viritual-camera/CinematicCoreMacOS
    /bin/mkdir -p /tmp/alfie-diagnostics/build/Build/Products/Debug/Morris.CinematicCoreMacOS.CinematicCoreExtension.systemextension/Contents/Resources

ProcessInfoPlistFile /tmp/alfie-diagnostics/build/Build/Products/Debug/Morris.CinematicCoreMacOS.CinematicCoreExtension.systemextension/Contents/Info.plist /Users/stephanmorris/Documents/macOS-rl-viritual-camera/CinematicCoreMacOS/CinematicCoreExtension/Info.plist (in target 'CinematicCoreExtension' from project 'CinematicCoreMacOS')
    cd /Users/stephanmorris/Documents/macOS-rl-viritual-camera/CinematicCoreMacOS
    builtin-infoPlistUtility /Users/stephanmorris/Documents/macOS-rl-viritual-camera/CinematicCoreMacOS/CinematicCoreExtension/Info.plist -producttype com.apple.product-type.system-extension -expandbuildsettings -platform macosx -o /tmp/alfie-diagnostics/build/Build/Products/Debug/Morris.CinematicCoreMacOS.CinematicCoreExtension.systemextension/Contents/Info.plist

CompileMetalFile /Users/stephanmorris/Documents/macOS-rl-viritual-camera/CinematicCoreMacOS/CinematicCoreMacOS/CropRenderer.metal (in target 'CinematicCoreExtension' from project 'CinematicCoreMacOS')
    cd /Users/stephanmorris/Documents/macOS-rl-viritual-camera/CinematicCoreMacOS
    /var/run/com.apple.security.cryptexd/mnt/com.apple.MobileAsset.MetalToolchain-v17.3.7003.10.InU4CR/Metal.xctoolchain/usr/bin/metal -c -target air64-apple-macos26.2 -gline-tables-only -frecord-sources -I/tmp/alfie-diagnostics/build/Build/Products/Debug/include -F/tmp/alfie-diagnostics/build/Build/Products/Debug -isysroot /Applications/Xcode.app/Contents/Developer/Platforms/MacOSX.platform/Developer/SDKs/MacOSX26.2.sdk -fmetal-math-mode\=fast -fmetal-math-fp32-functions\=fast -serialize-diagnostics /tmp/alfie-diagnostics/build/Build/Intermediates.noindex/CinematicCoreMacOS.build/Debug/CinematicCoreExtension.build/Metal/CropRenderer.dia -o /tmp/alfie-diagnostics/build/Build/Intermediates.noindex/CinematicCoreMacOS.build/Debug/CinematicCoreExtension.build/Metal/CropRenderer.air -index-store-path /tmp/alfie-diagnostics/build/Index.noindex/DataStore -MMD -MT dependencies -MF /tmp/alfie-diagnostics/build/Build/Intermediates.noindex/CinematicCoreMacOS.build/Debug/CinematicCoreExtension.build/Metal/CropRenderer.dat /Users/stephanmorris/Documents/macOS-rl-viritual-camera/CinematicCoreMacOS/CinematicCoreMacOS/CropRenderer.metal

SwiftDriver CinematicCoreExtension normal arm64 com.apple.xcode.tools.swift.compiler (in target 'CinematicCoreExtension' from project 'CinematicCoreMacOS')
    cd /Users/stephanmorris/Documents/macOS-rl-viritual-camera/CinematicCoreMacOS
    builtin-SwiftDriver -- /Applications/Xcode.app/Contents/Developer/Toolchains/XcodeDefault.xctoolchain/usr/bin/swiftc -module-name Morris_CinematicCoreMacOS_CinematicCoreExtension -Onone -enforce-exclusivity\=checked @/tmp/alfie-diagnostics/build/Build/Intermediates.noindex/CinematicCoreMacOS.build/Debug/CinematicCoreExtension.build/Objects-normal/arm64/Morris.CinematicCoreMacOS.CinematicCoreExtension.SwiftFileList -DDEBUG -enable-bare-slash-regex -enable-upcoming-feature DisableOutwardActorInference -enable-upcoming-feature InferSendableFromCaptures -enable-upcoming-feature GlobalActorIsolatedTypesUsability -enable-upcoming-feature MemberImportVisibility -enable-upcoming-feature InferIsolatedConformances -enable-upcoming-feature NonisolatedNonsendingByDefault -enable-experimental-feature DebugDescriptionMacro -sdk /Applications/Xcode.app/Contents/Developer/Platforms/MacOSX.platform/Developer/SDKs/MacOSX26.2.sdk -target arm64-apple-macos26.2 -g -module-cache-path /tmp/alfie-diagnostics/build/ModuleCache.noindex -Xfrontend -serialize-debugging-options -profile-coverage-mapping -profile-generate -enable-testing -index-store-path /tmp/alfie-diagnostics/build/Index.noindex/DataStore -Xcc -D_LIBCPP_HARDENING_MODE\=_LIBCPP_HARDENING_MODE_DEBUG -swift-version 5 -I /tmp/alfie-diagnostics/build/Build/Products/Debug -F /tmp/alfie-diagnostics/build/Build/Products/Debug -emit-localized-strings -emit-localized-strings-path /tmp/alfie-diagnostics/build/Build/Intermediates.noindex/CinematicCoreMacOS.build/Debug/CinematicCoreExtension.build/Objects-normal/arm64 -c -j12 -enable-batch-mode -incremental -Xcc -ivfsstatcache -Xcc /tmp/alfie-diagnostics/build/SDKStatCaches.noindex/macosx26.2-25C57-dc75598d0054f22ec865fa860f139d7200fa09913b459cbbc988d1f6730289ae.sdkstatcache -output-file-map /tmp/alfie-diagnostics/build/Build/Intermediates.noindex/CinematicCoreMacOS.build/Debug/CinematicCoreExtension.build/Objects-normal/arm64/CinematicCoreExtension-OutputFileMap.json -use-frontend-parseable-output -save-temps -no-color-diagnostics -explicit-module-build -module-cache-path /tmp/alfie-diagnostics/build/Build/Intermediates.noindex/SwiftExplicitPrecompiledModules -clang-scanner-module-cache-path /tmp/alfie-diagnostics/build/ModuleCache.noindex -sdk-module-cache-path /tmp/alfie-diagnostics/build/ModuleCache.noindex -serialize-diagnostics -emit-dependencies -emit-module -emit-module-path /tmp/alfie-diagnostics/build/Build/Intermediates.noindex/CinematicCoreMacOS.build/Debug/CinematicCoreExtension.build/Objects-normal/arm64/Morris_CinematicCoreMacOS_CinematicCoreExtension.swiftmodule -validate-clang-modules-once -clang-build-session-file /tmp/alfie-diagnostics/build/ModuleCache.noindex/Session.modulevalidation -Xcc -I/tmp/alfie-diagnostics/build/Build/Intermediates.noindex/CinematicCoreMacOS.build/Debug/CinematicCoreExtension.build/swift-overrides.hmap -emit-const-values -Xfrontend -const-gather-protocols-file -Xfrontend /tmp/alfie-diagnostics/build/Build/Intermediates.noindex/CinematicCoreMacOS.build/Debug/CinematicCoreExtension.build/Objects-normal/arm64/CinematicCoreExtension_const_extract_protocols.json -Xcc -iquote -Xcc /tmp/alfie-diagnostics/build/Build/Intermediates.noindex/CinematicCoreMacOS.build/Debug/CinematicCoreExtension.build/Morris.CinematicCoreMacOS.CinematicCoreExtension-generated-files.hmap -Xcc -I/tmp/alfie-diagnostics/build/Build/Intermediates.noindex/CinematicCoreMacOS.build/Debug/CinematicCoreExtension.build/Morris.CinematicCoreMacOS.CinematicCoreExtension-own-target-headers.hmap -Xcc -I/tmp/alfie-diagnostics/build/Build/Intermediates.noindex/CinematicCoreMacOS.build/Debug/CinematicCoreExtension.build/Morris.CinematicCoreMacOS.CinematicCoreExtension-all-target-headers.hmap -Xcc -iquote -Xcc /tmp/alfie-diagnostics/build/Build/Intermediates.noindex/CinematicCoreMacOS.build/Debug/CinematicCoreExtension.build/Morris.CinematicCoreMacOS.CinematicCoreExtension-project-headers.hmap -Xcc -I/tmp/alfie-diagnostics/build/Build/Products/Debug/include -Xcc -I/tmp/alfie-diagnostics/build/Build/Intermediates.noindex/CinematicCoreMacOS.build/Debug/CinematicCoreExtension.build/DerivedSources-normal/arm64 -Xcc -I/tmp/alfie-diagnostics/build/Build/Intermediates.noindex/CinematicCoreMacOS.build/Debug/CinematicCoreExtension.build/DerivedSources/arm64 -Xcc -I/tmp/alfie-diagnostics/build/Build/Intermediates.noindex/CinematicCoreMacOS.build/Debug/CinematicCoreExtension.build/DerivedSources -Xcc -DDEBUG\=1 -emit-objc-header -emit-objc-header-path /tmp/alfie-diagnostics/build/Build/Intermediates.noindex/CinematicCoreMacOS.build/Debug/CinematicCoreExtension.build/Objects-normal/arm64/Morris_CinematicCoreMacOS_CinematicCoreExtension-Swift.h -working-directory /Users/stephanmorris/Documents/macOS-rl-viritual-camera/CinematicCoreMacOS -experimental-emit-module-separately -disable-cmo

SwiftExplicitDependencyGeneratePcm arm64 /tmp/alfie-diagnostics/build/ModuleCache.noindex/_Builtin_stdarg-5A1UEELWM8OKGF4NBBUBB160U.pcm

SwiftExplicitDependencyGeneratePcm arm64 /tmp/alfie-diagnostics/build/ModuleCache.noindex/_Builtin_stdbool-6F0G0G88JU0KLP352VFXV1BKP.pcm

SwiftExplicitDependencyGeneratePcm arm64 /tmp/alfie-diagnostics/build/ModuleCache.noindex/SwiftShims-EWD529K1TVQUABSB8PCV4TS4S.pcm

SwiftExplicitDependencyGeneratePcm arm64 /tmp/alfie-diagnostics/build/ModuleCache.noindex/_SwiftConcurrencyShims-8LIBCRQ5RJP37BZWOVE5CG6VV.pcm

SwiftExplicitDependencyGeneratePcm arm64 /tmp/alfie-diagnostics/build/ModuleCache.noindex/DeveloperToolsSupport-BGU90HBPXCO68Q33OSCJ6K0VX.pcm

SwiftExplicitDependencyGeneratePcm arm64 /tmp/alfie-diagnostics/build/ModuleCache.noindex/ptrauth-919VV4STB7F26QDYBV34HTB05.pcm

SwiftExplicitDependencyGeneratePcm arm64 /tmp/alfie-diagnostics/build/ModuleCache.noindex/_AvailabilityInternal-NAH1WZAATYD2NEGKCGVZCZGD.pcm

SwiftExplicitDependencyGeneratePcm arm64 /tmp/alfie-diagnostics/build/ModuleCache.noindex/ptrcheck-5T4MB3SUUQ1NMWANYLAP2M113.pcm

SwiftExplicitDependencyGeneratePcm arm64 /tmp/alfie-diagnostics/build/ModuleCache.noindex/_Builtin_float-HG12UT8W196ADQG8OQEAZ95G.pcm

SwiftExplicitDependencyGeneratePcm arm64 /tmp/alfie-diagnostics/build/ModuleCache.noindex/_Builtin_stddef-EVSIRGUUIRBZUZFYS341EBR3P.pcm

SwiftExplicitDependencyGeneratePcm arm64 /tmp/alfie-diagnostics/build/ModuleCache.noindex/_DarwinFoundation1-4N0YE89YSGNX5EB1G72G2HPFL.pcm

MetalLink /tmp/alfie-diagnostics/build/Build/Products/Debug/Morris.CinematicCoreMacOS.CinematicCoreExtension.systemextension/Contents/Resources/default.metallib (in target 'CinematicCoreExtension' from project 'CinematicCoreMacOS')
    cd /Users/stephanmorris/Documents/macOS-rl-viritual-camera/CinematicCoreMacOS
    /var/run/com.apple.security.cryptexd/mnt/com.apple.MobileAsset.MetalToolchain-v17.3.7003.10.InU4CR/Metal.xctoolchain/usr/bin/metal -target air64-apple-macos26.2 -frecord-sources -o /tmp/alfie-diagnostics/build/Build/Products/Debug/Morris.CinematicCoreMacOS.CinematicCoreExtension.systemextension/Contents/Resources/default.metallib /tmp/alfie-diagnostics/build/Build/Intermediates.noindex/CinematicCoreMacOS.build/Debug/CinematicCoreExtension.build/Metal/CropRenderer.air

SwiftExplicitDependencyGeneratePcm arm64 /tmp/alfie-diagnostics/build/ModuleCache.noindex/_DarwinFoundation2-414303DFSKLW5PF8PV86K518Y.pcm

SwiftExplicitDependencyGeneratePcm arm64 /tmp/alfie-diagnostics/build/ModuleCache.noindex/_Builtin_limits-EQYMY2O3GMWR4S9U8PN14G2O3.pcm

SwiftExplicitDependencyGeneratePcm arm64 /tmp/alfie-diagnostics/build/ModuleCache.noindex/sys_types-AUUR8PXXHVUHTUTRGQKS371DP.pcm

SwiftExplicitDependencyGeneratePcm arm64 /tmp/alfie-diagnostics/build/ModuleCache.noindex/_Builtin_stdint-1UX4H3NEF63K3RUEY0T3IT0OG.pcm

SwiftExplicitDependencyGeneratePcm arm64 /tmp/alfie-diagnostics/build/ModuleCache.noindex/_Builtin_tgmath-ERKYCXFHEX6XBBZZ808OWMJOY.pcm

SwiftExplicitDependencyGeneratePcm arm64 /tmp/alfie-diagnostics/build/ModuleCache.noindex/_Builtin_intrinsics-ASUNBEM1PUMGNYTYBIVWQIIUR.pcm

SwiftExplicitDependencyGeneratePcm arm64 /tmp/alfie-diagnostics/build/ModuleCache.noindex/_DarwinFoundation3-BG1WQRKF2YCU93KAELC48DN0O.pcm

SwiftExplicitDependencyGeneratePcm arm64 /tmp/alfie-diagnostics/build/ModuleCache.noindex/libDER-70P1QTPCV1OBLCMNKQ2TG11GK.pcm

SwiftExplicitDependencyGeneratePcm arm64 /tmp/alfie-diagnostics/build/ModuleCache.noindex/_Builtin_stdatomic-5YEFMSECOTGQDR3NTCFEORDXT.pcm

SwiftExplicitDependencyGeneratePcm arm64 /tmp/alfie-diagnostics/build/ModuleCache.noindex/OpenGL-2SVKAIVO5AR4BK4G2SG8ZSNE8.pcm

SwiftExplicitDependencyGeneratePcm arm64 /tmp/alfie-diagnostics/build/ModuleCache.noindex/_Builtin_inttypes-8PCORASC6D85UPP543S5MF9HJ.pcm

SwiftExplicitDependencyGeneratePcm arm64 /tmp/alfie-diagnostics/build/ModuleCache.noindex/Darwin-A1AA957ZJ3EQ2HAY6527YSJ0M.pcm

SwiftExplicitDependencyGeneratePcm arm64 /tmp/alfie-diagnostics/build/ModuleCache.noindex/simd-2JNP925GC26QMFDDX0X0SU02L.pcm

SwiftExplicitDependencyGeneratePcm arm64 /tmp/alfie-diagnostics/build/ModuleCache.noindex/CUPS-2P6BQXM3ERQDY1777DZS9AGIR.pcm

SwiftExplicitDependencyGeneratePcm arm64 /tmp/alfie-diagnostics/build/ModuleCache.noindex/MachO-8BXLO02ICVNFB5FU7J1591SQV.pcm

SwiftExplicitDependencyGeneratePcm arm64 /tmp/alfie-diagnostics/build/ModuleCache.noindex/launch-4ZJZXWNNTUOPRKZF3FM9N0EI8.pcm

SwiftExplicitDependencyGeneratePcm arm64 /tmp/alfie-diagnostics/build/ModuleCache.noindex/libkern-B5W4UWMC4MA4QWMOIR8ZIHGRI.pcm

SwiftExplicitDependencyGeneratePcm arm64 /tmp/alfie-diagnostics/build/ModuleCache.noindex/ObjectiveC-1NVS61F1WUS32L2E3G9A4A8QL.pcm

SwiftExplicitDependencyGeneratePcm arm64 /tmp/alfie-diagnostics/build/ModuleCache.noindex/Spatial-3N4IKV56UWGT7G7YPWEUS0TV2.pcm

SwiftExplicitDependencyGeneratePcm arm64 /tmp/alfie-diagnostics/build/ModuleCache.noindex/os_object-AI25SR9XC3F1S6H18Q4IZZ7KB.pcm

SwiftExplicitDependencyGeneratePcm arm64 /tmp/alfie-diagnostics/build/ModuleCache.noindex/os_workgroup-CNWOKQA85COGY11F3NDV7RTNA.pcm

SwiftExplicitDependencyGeneratePcm arm64 /tmp/alfie-diagnostics/build/ModuleCache.noindex/Dispatch-NW72EO1YQ7RW3IBTD9TTANAE.pcm

SwiftExplicitDependencyGeneratePcm arm64 /tmp/alfie-diagnostics/build/ModuleCache.noindex/CoreFoundation-3URQT2KMZZJCVU1X2IORRTHWN.pcm

SwiftExplicitDependencyGeneratePcm arm64 /tmp/alfie-diagnostics/build/ModuleCache.noindex/XPC-4PCR4JI6695N0Y416OFWIZ4SH.pcm

SwiftExplicitDependencyGeneratePcm arm64 /tmp/alfie-diagnostics/build/ModuleCache.noindex/os-75SX3B0JWSIHH7UG5G32PG6VC.pcm

SwiftExplicitDependencyGeneratePcm arm64 /tmp/alfie-diagnostics/build/ModuleCache.noindex/CoreAudioTypes-E4G3CEE53PS1YHCGTOTECA2SF.pcm

SwiftExplicitDependencyGeneratePcm arm64 /tmp/alfie-diagnostics/build/ModuleCache.noindex/Security-171BP1EER25MXSNO8ZHZOOPE0.pcm

SwiftExplicitDependencyGeneratePcm arm64 /tmp/alfie-diagnostics/build/ModuleCache.noindex/CFNetwork-27BIHPBM7SPLMI8U1A5E02NVK.pcm

SwiftExplicitDependencyGeneratePcm arm64 /tmp/alfie-diagnostics/build/ModuleCache.noindex/ColorSync-2DPFJBT16D30VS3R2V79QDALA.pcm

SwiftExplicitDependencyGeneratePcm arm64 /tmp/alfie-diagnostics/build/ModuleCache.noindex/IOKit-2GD8EVU8BORGB02WNSRKJK58U.pcm

SwiftExplicitDependencyGeneratePcm arm64 /tmp/alfie-diagnostics/build/ModuleCache.noindex/DiskArbitration-BYGW23NHFQGA30GDH1ICI50NU.pcm

SwiftExplicitDependencyGeneratePcm arm64 /tmp/alfie-diagnostics/build/ModuleCache.noindex/CoreGraphics-82NJNLG8VO34HTAJ1ETGJVC2U.pcm

SwiftExplicitDependencyGeneratePcm arm64 /tmp/alfie-diagnostics/build/ModuleCache.noindex/CoreServices-8HQMCRP12RLEQGBGV2LOCB0YU.pcm

SwiftExplicitDependencyGeneratePcm arm64 /tmp/alfie-diagnostics/build/ModuleCache.noindex/ImageIO-7M9E2Q0PZSYEL04VPQ7OCDZ8K.pcm

SwiftExplicitDependencyGeneratePcm arm64 /tmp/alfie-diagnostics/build/ModuleCache.noindex/CoreText-81OXBG03DLY3S3FYOUAD87IN0.pcm

SwiftExplicitDependencyGeneratePcm arm64 /tmp/alfie-diagnostics/build/ModuleCache.noindex/Foundation-APEEZB1A2GLQD1GYXTXGLBJXE.pcm

SwiftExplicitDependencyGeneratePcm arm64 /tmp/alfie-diagnostics/build/ModuleCache.noindex/IOSurface-6LNIK4WTTNKIIC5HI0QZSTFRK.pcm

SwiftExplicitDependencyGeneratePcm arm64 /tmp/alfie-diagnostics/build/ModuleCache.noindex/Accessibility-2L4IE1RCT3NTQZ39JA498DD55.pcm

SwiftExplicitDependencyGeneratePcm arm64 /tmp/alfie-diagnostics/build/ModuleCache.noindex/CoreTransferable-CID0A1NHZHMKUJ1LNZUP9RJ5M.pcm

SwiftExplicitDependencyGeneratePcm arm64 /tmp/alfie-diagnostics/build/ModuleCache.noindex/DataDetection-C3P4V0GWFG2R0UCXN9K5ZZEUF.pcm

SwiftExplicitDependencyGeneratePcm arm64 /tmp/alfie-diagnostics/build/ModuleCache.noindex/Symbols-ESCAQZZC5HE1PF09FMYALKG6A.pcm

SwiftExplicitDependencyGeneratePcm arm64 /tmp/alfie-diagnostics/build/ModuleCache.noindex/UniformTypeIdentifiers-6MGELZDWO9FYUV5KDANNRXY8G.pcm

SwiftExplicitDependencyGeneratePcm arm64 /tmp/alfie-diagnostics/build/ModuleCache.noindex/OSLog-L0OO3X3PY11076KI59GN2KXG.pcm

SwiftExplicitDependencyGeneratePcm arm64 /tmp/alfie-diagnostics/build/ModuleCache.noindex/ApplicationServices-CAI9XMCY1936OS1GBUUSE9AND.pcm

SwiftExplicitDependencyGeneratePcm arm64 /tmp/alfie-diagnostics/build/ModuleCache.noindex/CoreData-4XGTCCPPO6Y89AVWVQCSNASWB.pcm

SwiftExplicitDependencyGeneratePcm arm64 /tmp/alfie-diagnostics/build/ModuleCache.noindex/CoreAudio-F0RGXKUQ0W1AUIUR4Y745O6W7.pcm

SwiftExplicitDependencyGeneratePcm arm64 /tmp/alfie-diagnostics/build/ModuleCache.noindex/Metal-9JOTOGTE2Z1XMVBU3RT6YUXOO.pcm

SwiftExplicitDependencyGeneratePcm arm64 /tmp/alfie-diagnostics/build/ModuleCache.noindex/CoreVideo-3IB700Q2446UA4F1EJXBLYSD4.pcm

SwiftExplicitDependencyGeneratePcm arm64 /tmp/alfie-diagnostics/build/ModuleCache.noindex/CoreImage-629BX4YR9JIXNCZMFD3GV29ZY.pcm

SwiftExplicitDependencyGeneratePcm arm64 /tmp/alfie-diagnostics/build/ModuleCache.noindex/CoreMedia-DC1OMYBGLV4AO22SAIJVIJMTB.pcm

SwiftExplicitDependencyGeneratePcm arm64 /tmp/alfie-diagnostics/build/ModuleCache.noindex/QuartzCore-4LMWY4F1QXSF9KRYUMMS4QEPY.pcm

SwiftExplicitDependencyGeneratePcm arm64 /tmp/alfie-diagnostics/build/ModuleCache.noindex/SwiftUICore-3BTXI44T0CGBS29AD5DFZ9KPT.pcm

SwiftExplicitDependencyGeneratePcm arm64 /tmp/alfie-diagnostics/build/ModuleCache.noindex/CoreMediaIO-418WJP05DZE0KJZBDIU9F8ER9.pcm

SwiftExplicitDependencyGeneratePcm arm64 /tmp/alfie-diagnostics/build/ModuleCache.noindex/AppKit-BSC153E3VKR4GI78Y9IULY7K2.pcm

SwiftExplicitDependencyGeneratePcm arm64 /tmp/alfie-diagnostics/build/ModuleCache.noindex/SwiftUI-2FAE4X98NAZFQO78F5RZG1OE8.pcm

SwiftEmitModule normal arm64 Emitting\ module\ for\ Morris_CinematicCoreMacOS_CinematicCoreExtension (in target 'CinematicCoreExtension' from project 'CinematicCoreMacOS')

EmitSwiftModule normal arm64 (in target 'CinematicCoreExtension' from project 'CinematicCoreMacOS')
    cd /Users/stephanmorris/Documents/macOS-rl-viritual-camera/CinematicCoreMacOS
    

SwiftCompile normal arm64 Compiling\ ProgramOutputManager.swift /Users/stephanmorris/Documents/macOS-rl-viritual-camera/CinematicCoreMacOS/CinematicCoreMacOS/ProgramOutputManager.swift (in target 'CinematicCoreExtension' from project 'CinematicCoreMacOS')
SwiftCompile normal arm64 /Users/stephanmorris/Documents/macOS-rl-viritual-camera/CinematicCoreMacOS/CinematicCoreMacOS/ProgramOutputManager.swift (in target 'CinematicCoreExtension' from project 'CinematicCoreMacOS')
    cd /Users/stephanmorris/Documents/macOS-rl-viritual-camera/CinematicCoreMacOS
    

SwiftCompile normal arm64 Compiling\ DiagnosticsLog.swift /Users/stephanmorris/Documents/macOS-rl-viritual-camera/CinematicCoreMacOS/CinematicCoreMacOS/DiagnosticsLog.swift (in target 'CinematicCoreExtension' from project 'CinematicCoreMacOS')

SwiftCompile normal arm64 /Users/stephanmorris/Documents/macOS-rl-viritual-camera/CinematicCoreMacOS/CinematicCoreMacOS/DiagnosticsLog.swift (in target 'CinematicCoreExtension' from project 'CinematicCoreMacOS')
    cd /Users/stephanmorris/Documents/macOS-rl-viritual-camera/CinematicCoreMacOS
    

SwiftCompile normal arm64 Compiling\ CinematicCoreExtensionProvider.swift /Users/stephanmorris/Documents/macOS-rl-viritual-camera/CinematicCoreMacOS/CinematicCoreExtension/CinematicCoreExtensionProvider.swift (in target 'CinematicCoreExtension' from project 'CinematicCoreMacOS')

SwiftCompile normal arm64 /Users/stephanmorris/Documents/macOS-rl-viritual-camera/CinematicCoreMacOS/CinematicCoreExtension/CinematicCoreExtensionProvider.swift (in target 'CinematicCoreExtension' from project 'CinematicCoreMacOS')
    cd /Users/stephanmorris/Documents/macOS-rl-viritual-camera/CinematicCoreMacOS
    

SwiftCompile normal arm64 Compiling\ main.swift /Users/stephanmorris/Documents/macOS-rl-viritual-camera/CinematicCoreMacOS/CinematicCoreExtension/main.swift (in target 'CinematicCoreExtension' from project 'CinematicCoreMacOS')

SwiftCompile normal arm64 /Users/stephanmorris/Documents/macOS-rl-viritual-camera/CinematicCoreMacOS/CinematicCoreExtension/main.swift (in target 'CinematicCoreExtension' from project 'CinematicCoreMacOS')
    cd /Users/stephanmorris/Documents/macOS-rl-viritual-camera/CinematicCoreMacOS
    

SwiftCompile normal arm64 Compiling\ CinematicCoreXPCProtocol.swift /Users/stephanmorris/Documents/macOS-rl-viritual-camera/CinematicCoreMacOS/Shared/CinematicCoreXPCProtocol.swift (in target 'CinematicCoreExtension' from project 'CinematicCoreMacOS')

SwiftCompile normal arm64 /Users/stephanmorris/Documents/macOS-rl-viritual-camera/CinematicCoreMacOS/Shared/CinematicCoreXPCProtocol.swift (in target 'CinematicCoreExtension' from project 'CinematicCoreMacOS')
    cd /Users/stephanmorris/Documents/macOS-rl-viritual-camera/CinematicCoreMacOS
    

SwiftCompile normal arm64 Compiling\ ShowStandard.swift /Users/stephanmorris/Documents/macOS-rl-viritual-camera/CinematicCoreMacOS/CinematicCoreMacOS/ShowStandard.swift (in target 'CinematicCoreExtension' from project 'CinematicCoreMacOS')

SwiftCompile normal arm64 /Users/stephanmorris/Documents/macOS-rl-viritual-camera/CinematicCoreMacOS/CinematicCoreMacOS/ShowStandard.swift (in target 'CinematicCoreExtension' from project 'CinematicCoreMacOS')
    cd /Users/stephanmorris/Documents/macOS-rl-viritual-camera/CinematicCoreMacOS
    

SwiftDriverJobDiscovery normal arm64 Emitting module for Morris_CinematicCoreMacOS_CinematicCoreExtension (in target 'CinematicCoreExtension' from project 'CinematicCoreMacOS')

SwiftDriver\ Compilation\ Requirements CinematicCoreExtension normal arm64 com.apple.xcode.tools.swift.compiler (in target 'CinematicCoreExtension' from project 'CinematicCoreMacOS')
    cd /Users/stephanmorris/Documents/macOS-rl-viritual-camera/CinematicCoreMacOS
    builtin-Swift-Compilation-Requirements -- /Applications/Xcode.app/Contents/Developer/Toolchains/XcodeDefault.xctoolchain/usr/bin/swiftc -module-name Morris_CinematicCoreMacOS_CinematicCoreExtension -Onone -enforce-exclusivity\=checked @/tmp/alfie-diagnostics/build/Build/Intermediates.noindex/CinematicCoreMacOS.build/Debug/CinematicCoreExtension.build/Objects-normal/arm64/Morris.CinematicCoreMacOS.CinematicCoreExtension.SwiftFileList -DDEBUG -enable-bare-slash-regex -enable-upcoming-feature DisableOutwardActorInference -enable-upcoming-feature InferSendableFromCaptures -enable-upcoming-feature GlobalActorIsolatedTypesUsability -enable-upcoming-feature MemberImportVisibility -enable-upcoming-feature InferIsolatedConformances -enable-upcoming-feature NonisolatedNonsendingByDefault -enable-experimental-feature DebugDescriptionMacro -sdk /Applications/Xcode.app/Contents/Developer/Platforms/MacOSX.platform/Developer/SDKs/MacOSX26.2.sdk -target arm64-apple-macos26.2 -g -module-cache-path /tmp/alfie-diagnostics/build/ModuleCache.noindex -Xfrontend -serialize-debugging-options -profile-coverage-mapping -profile-generate -enable-testing -index-store-path /tmp/alfie-diagnostics/build/Index.noindex/DataStore -Xcc -D_LIBCPP_HARDENING_MODE\=_LIBCPP_HARDENING_MODE_DEBUG -swift-version 5 -I /tmp/alfie-diagnostics/build/Build/Products/Debug -F /tmp/alfie-diagnostics/build/Build/Products/Debug -emit-localized-strings -emit-localized-strings-path /tmp/alfie-diagnostics/build/Build/Intermediates.noindex/CinematicCoreMacOS.build/Debug/CinematicCoreExtension.build/Objects-normal/arm64 -c -j12 -enable-batch-mode -incremental -Xcc -ivfsstatcache -Xcc /tmp/alfie-diagnostics/build/SDKStatCaches.noindex/macosx26.2-25C57-dc75598d0054f22ec865fa860f139d7200fa09913b459cbbc988d1f6730289ae.sdkstatcache -output-file-map /tmp/alfie-diagnostics/build/Build/Intermediates.noindex/CinematicCoreMacOS.build/Debug/CinematicCoreExtension.build/Objects-normal/arm64/CinematicCoreExtension-OutputFileMap.json -use-frontend-parseable-output -save-temps -no-color-diagnostics -explicit-module-build -module-cache-path /tmp/alfie-diagnostics/build/Build/Intermediates.noindex/SwiftExplicitPrecompiledModules -clang-scanner-module-cache-path /tmp/alfie-diagnostics/build/ModuleCache.noindex -sdk-module-cache-path /tmp/alfie-diagnostics/build/ModuleCache.noindex -serialize-diagnostics -emit-dependencies -emit-module -emit-module-path /tmp/alfie-diagnostics/build/Build/Intermediates.noindex/CinematicCoreMacOS.build/Debug/CinematicCoreExtension.build/Objects-normal/arm64/Morris_CinematicCoreMacOS_CinematicCoreExtension.swiftmodule -validate-clang-modules-once -clang-build-session-file /tmp/alfie-diagnostics/build/ModuleCache.noindex/Session.modulevalidation -Xcc -I/tmp/alfie-diagnostics/build/Build/Intermediates.noindex/CinematicCoreMacOS.build/Debug/CinematicCoreExtension.build/swift-overrides.hmap -emit-const-values -Xfrontend -const-gather-protocols-file -Xfrontend /tmp/alfie-diagnostics/build/Build/Intermediates.noindex/CinematicCoreMacOS.build/Debug/CinematicCoreExtension.build/Objects-normal/arm64/CinematicCoreExtension_const_extract_protocols.json -Xcc -iquote -Xcc /tmp/alfie-diagnostics/build/Build/Intermediates.noindex/CinematicCoreMacOS.build/Debug/CinematicCoreExtension.build/Morris.CinematicCoreMacOS.CinematicCoreExtension-generated-files.hmap -Xcc -I/tmp/alfie-diagnostics/build/Build/Intermediates.noindex/CinematicCoreMacOS.build/Debug/CinematicCoreExtension.build/Morris.CinematicCoreMacOS.CinematicCoreExtension-own-target-headers.hmap -Xcc -I/tmp/alfie-diagnostics/build/Build/Intermediates.noindex/CinematicCoreMacOS.build/Debug/CinematicCoreExtension.build/Morris.CinematicCoreMacOS.CinematicCoreExtension-all-target-headers.hmap -Xcc -iquote -Xcc /tmp/alfie-diagnostics/build/Build/Intermediates.noindex/CinematicCoreMacOS.build/Debug/CinematicCoreExtension.build/Morris.CinematicCoreMacOS.CinematicCoreExtension-project-headers.hmap -Xcc -I/tmp/alfie-diagnostics/build/Build/Products/Debug/include -Xcc -I/tmp/alfie-diagnostics/build/Build/Intermediates.noindex/CinematicCoreMacOS.build/Debug/CinematicCoreExtension.build/DerivedSources-normal/arm64 -Xcc -I/tmp/alfie-diagnostics/build/Build/Intermediates.noindex/CinematicCoreMacOS.build/Debug/CinematicCoreExtension.build/DerivedSources/arm64 -Xcc -I/tmp/alfie-diagnostics/build/Build/Intermediates.noindex/CinematicCoreMacOS.build/Debug/CinematicCoreExtension.build/DerivedSources -Xcc -DDEBUG\=1 -emit-objc-header -emit-objc-header-path /tmp/alfie-diagnostics/build/Build/Intermediates.noindex/CinematicCoreMacOS.build/Debug/CinematicCoreExtension.build/Objects-normal/arm64/Morris_CinematicCoreMacOS_CinematicCoreExtension-Swift.h -working-directory /Users/stephanmorris/Documents/macOS-rl-viritual-camera/CinematicCoreMacOS -experimental-emit-module-separately -disable-cmo

SwiftMergeGeneratedHeaders /tmp/alfie-diagnostics/build/Build/Intermediates.noindex/CinematicCoreMacOS.build/Debug/CinematicCoreExtension.build/DerivedSources/Morris_CinematicCoreMacOS_CinematicCoreExtension-Swift.h /tmp/alfie-diagnostics/build/Build/Intermediates.noindex/CinematicCoreMacOS.build/Debug/CinematicCoreExtension.build/Objects-normal/arm64/Morris_CinematicCoreMacOS_CinematicCoreExtension-Swift.h (in target 'CinematicCoreExtension' from project 'CinematicCoreMacOS')
    cd /Users/stephanmorris/Documents/macOS-rl-viritual-camera/CinematicCoreMacOS
    builtin-swiftHeaderTool -arch arm64 /tmp/alfie-diagnostics/build/Build/Intermediates.noindex/CinematicCoreMacOS.build/Debug/CinematicCoreExtension.build/Objects-normal/arm64/Morris_CinematicCoreMacOS_CinematicCoreExtension-Swift.h -o /tmp/alfie-diagnostics/build/Build/Intermediates.noindex/CinematicCoreMacOS.build/Debug/CinematicCoreExtension.build/DerivedSources/Morris_CinematicCoreMacOS_CinematicCoreExtension-Swift.h

Copy /tmp/alfie-diagnostics/build/Build/Products/Debug/Morris_CinematicCoreMacOS_CinematicCoreExtension.swiftmodule/arm64-apple-macos.swiftmodule /tmp/alfie-diagnostics/build/Build/Intermediates.noindex/CinematicCoreMacOS.build/Debug/CinematicCoreExtension.build/Objects-normal/arm64/Morris_CinematicCoreMacOS_CinematicCoreExtension.swiftmodule (in target 'CinematicCoreExtension' from project 'CinematicCoreMacOS')
    cd /Users/stephanmorris/Documents/macOS-rl-viritual-camera/CinematicCoreMacOS
    builtin-copy -exclude .DS_Store -exclude CVS -exclude .svn -exclude .git -exclude .hg -resolve-src-symlinks -rename /tmp/alfie-diagnostics/build/Build/Intermediates.noindex/CinematicCoreMacOS.build/Debug/CinematicCoreExtension.build/Objects-normal/arm64/Morris_CinematicCoreMacOS_CinematicCoreExtension.swiftmodule /tmp/alfie-diagnostics/build/Build/Products/Debug/Morris_CinematicCoreMacOS_CinematicCoreExtension.swiftmodule/arm64-apple-macos.swiftmodule

Copy /tmp/alfie-diagnostics/build/Build/Products/Debug/Morris_CinematicCoreMacOS_CinematicCoreExtension.swiftmodule/arm64-apple-macos.swiftdoc /tmp/alfie-diagnostics/build/Build/Intermediates.noindex/CinematicCoreMacOS.build/Debug/CinematicCoreExtension.build/Objects-normal/arm64/Morris_CinematicCoreMacOS_CinematicCoreExtension.swiftdoc (in target 'CinematicCoreExtension' from project 'CinematicCoreMacOS')
    cd /Users/stephanmorris/Documents/macOS-rl-viritual-camera/CinematicCoreMacOS
    builtin-copy -exclude .DS_Store -exclude CVS -exclude .svn -exclude .git -exclude .hg -resolve-src-symlinks -rename /tmp/alfie-diagnostics/build/Build/Intermediates.noindex/CinematicCoreMacOS.build/Debug/CinematicCoreExtension.build/Objects-normal/arm64/Morris_CinematicCoreMacOS_CinematicCoreExtension.swiftdoc /tmp/alfie-diagnostics/build/Build/Products/Debug/Morris_CinematicCoreMacOS_CinematicCoreExtension.swiftmodule/arm64-apple-macos.swiftdoc

Copy /tmp/alfie-diagnostics/build/Build/Products/Debug/Morris_CinematicCoreMacOS_CinematicCoreExtension.swiftmodule/arm64-apple-macos.abi.json /tmp/alfie-diagnostics/build/Build/Intermediates.noindex/CinematicCoreMacOS.build/Debug/CinematicCoreExtension.build/Objects-normal/arm64/Morris_CinematicCoreMacOS_CinematicCoreExtension.abi.json (in target 'CinematicCoreExtension' from project 'CinematicCoreMacOS')
    cd /Users/stephanmorris/Documents/macOS-rl-viritual-camera/CinematicCoreMacOS
    builtin-copy -exclude .DS_Store -exclude CVS -exclude .svn -exclude .git -exclude .hg -resolve-src-symlinks -rename /tmp/alfie-diagnostics/build/Build/Intermediates.noindex/CinematicCoreMacOS.build/Debug/CinematicCoreExtension.build/Objects-normal/arm64/Morris_CinematicCoreMacOS_CinematicCoreExtension.abi.json /tmp/alfie-diagnostics/build/Build/Products/Debug/Morris_CinematicCoreMacOS_CinematicCoreExtension.swiftmodule/arm64-apple-macos.abi.json

Copy /tmp/alfie-diagnostics/build/Build/Products/Debug/Morris_CinematicCoreMacOS_CinematicCoreExtension.swiftmodule/Project/arm64-apple-macos.swiftsourceinfo /tmp/alfie-diagnostics/build/Build/Intermediates.noindex/CinematicCoreMacOS.build/Debug/CinematicCoreExtension.build/Objects-normal/arm64/Morris_CinematicCoreMacOS_CinematicCoreExtension.swiftsourceinfo (in target 'CinematicCoreExtension' from project 'CinematicCoreMacOS')
    cd /Users/stephanmorris/Documents/macOS-rl-viritual-camera/CinematicCoreMacOS
    builtin-copy -exclude .DS_Store -exclude CVS -exclude .svn -exclude .git -exclude .hg -resolve-src-symlinks -rename /tmp/alfie-diagnostics/build/Build/Intermediates.noindex/CinematicCoreMacOS.build/Debug/CinematicCoreExtension.build/Objects-normal/arm64/Morris_CinematicCoreMacOS_CinematicCoreExtension.swiftsourceinfo /tmp/alfie-diagnostics/build/Build/Products/Debug/Morris_CinematicCoreMacOS_CinematicCoreExtension.swiftmodule/Project/arm64-apple-macos.swiftsourceinfo

MkDir /tmp/alfie-diagnostics/build/Build/Intermediates.noindex/CinematicCoreMacOS.build/Debug/CinematicCoreMacOS.build/assetcatalog_output/thinned (in target 'CinematicCoreMacOS' from project 'CinematicCoreMacOS')
    cd /Users/stephanmorris/Documents/macOS-rl-viritual-camera/CinematicCoreMacOS
    /bin/mkdir -p /tmp/alfie-diagnostics/build/Build/Intermediates.noindex/CinematicCoreMacOS.build/Debug/CinematicCoreMacOS.build/assetcatalog_output/thinned

MkDir /tmp/alfie-diagnostics/build/Build/Intermediates.noindex/CinematicCoreMacOS.build/Debug/CinematicCoreMacOS.build/assetcatalog_output/unthinned (in target 'CinematicCoreMacOS' from project 'CinematicCoreMacOS')
    cd /Users/stephanmorris/Documents/macOS-rl-viritual-camera/CinematicCoreMacOS
    /bin/mkdir -p /tmp/alfie-diagnostics/build/Build/Intermediates.noindex/CinematicCoreMacOS.build/Debug/CinematicCoreMacOS.build/assetcatalog_output/unthinned

CompileMetalFile /Users/stephanmorris/Documents/macOS-rl-viritual-camera/CinematicCoreMacOS/CinematicCoreMacOS/CropRenderer.metal (in target 'CinematicCoreMacOS' from project 'CinematicCoreMacOS')
    cd /Users/stephanmorris/Documents/macOS-rl-viritual-camera/CinematicCoreMacOS
    /var/run/com.apple.security.cryptexd/mnt/com.apple.MobileAsset.MetalToolchain-v17.3.7003.10.InU4CR/Metal.xctoolchain/usr/bin/metal -c -target air64-apple-macos26.2 -gline-tables-only -frecord-sources -I/tmp/alfie-diagnostics/build/Build/Products/Debug/include -F/tmp/alfie-diagnostics/build/Build/Products/Debug -isysroot /Applications/Xcode.app/Contents/Developer/Platforms/MacOSX.platform/Developer/SDKs/MacOSX26.2.sdk -fmetal-math-mode\=fast -fmetal-math-fp32-functions\=fast -serialize-diagnostics /tmp/alfie-diagnostics/build/Build/Intermediates.noindex/CinematicCoreMacOS.build/Debug/CinematicCoreMacOS.build/Metal/CropRenderer.dia -o /tmp/alfie-diagnostics/build/Build/Intermediates.noindex/CinematicCoreMacOS.build/Debug/CinematicCoreMacOS.build/Metal/CropRenderer.air -index-store-path /tmp/alfie-diagnostics/build/Index.noindex/DataStore -MMD -MT dependencies -MF /tmp/alfie-diagnostics/build/Build/Intermediates.noindex/CinematicCoreMacOS.build/Debug/CinematicCoreMacOS.build/Metal/CropRenderer.dat /Users/stephanmorris/Documents/macOS-rl-viritual-camera/CinematicCoreMacOS/CinematicCoreMacOS/CropRenderer.metal

GenerateAssetSymbols /Users/stephanmorris/Documents/macOS-rl-viritual-camera/CinematicCoreMacOS/CinematicCoreMacOS/Assets.xcassets (in target 'CinematicCoreMacOS' from project 'CinematicCoreMacOS')
    cd /Users/stephanmorris/Documents/macOS-rl-viritual-camera/CinematicCoreMacOS
    /Applications/Xcode.app/Contents/Developer/usr/bin/actool /Users/stephanmorris/Documents/macOS-rl-viritual-camera/CinematicCoreMacOS/CinematicCoreMacOS/Assets.xcassets --compile /tmp/alfie-diagnostics/build/Build/Products/Debug/Alfie.app/Contents/Resources --output-format human-readable-text --notices --warnings --export-dependency-info /tmp/alfie-diagnostics/build/Build/Intermediates.noindex/CinematicCoreMacOS.build/Debug/CinematicCoreMacOS.build/assetcatalog_dependencies --output-partial-info-plist /tmp/alfie-diagnostics/build/Build/Intermediates.noindex/CinematicCoreMacOS.build/Debug/CinematicCoreMacOS.build/assetcatalog_generated_info.plist --app-icon AppIcon --accent-color AccentColor --enable-on-demand-resources NO --development-region en --target-device mac --minimum-deployment-target 26.2 --platform macosx --bundle-identifier Morris.CinematicCoreMacOS --generate-swift-asset-symbols /tmp/alfie-diagnostics/build/Build/Intermediates.noindex/CinematicCoreMacOS.build/Debug/CinematicCoreMacOS.build/DerivedSources/GeneratedAssetSymbols.swift --generate-objc-asset-symbols /tmp/alfie-diagnostics/build/Build/Intermediates.noindex/CinematicCoreMacOS.build/Debug/CinematicCoreMacOS.build/DerivedSources/GeneratedAssetSymbols.h --generate-asset-symbol-index /tmp/alfie-diagnostics/build/Build/Intermediates.noindex/CinematicCoreMacOS.build/Debug/CinematicCoreMacOS.build/DerivedSources/GeneratedAssetSymbols-Index.plist
/* com.apple.actool.compilation-results */
/tmp/alfie-diagnostics/build/Build/Intermediates.noindex/CinematicCoreMacOS.build/Debug/CinematicCoreMacOS.build/DerivedSources/GeneratedAssetSymbols-Index.plist
/tmp/alfie-diagnostics/build/Build/Intermediates.noindex/CinematicCoreMacOS.build/Debug/CinematicCoreMacOS.build/DerivedSources/GeneratedAssetSymbols.h
/tmp/alfie-diagnostics/build/Build/Intermediates.noindex/CinematicCoreMacOS.build/Debug/CinematicCoreMacOS.build/DerivedSources/GeneratedAssetSymbols.swift


CompileAssetCatalogVariant thinned /tmp/alfie-diagnostics/build/Build/Products/Debug/Alfie.app/Contents/Resources /Users/stephanmorris/Documents/macOS-rl-viritual-camera/CinematicCoreMacOS/CinematicCoreMacOS/Assets.xcassets (in target 'CinematicCoreMacOS' from project 'CinematicCoreMacOS')
    cd /Users/stephanmorris/Documents/macOS-rl-viritual-camera/CinematicCoreMacOS
    /Applications/Xcode.app/Contents/Developer/usr/bin/actool /Users/stephanmorris/Documents/macOS-rl-viritual-camera/CinematicCoreMacOS/CinematicCoreMacOS/Assets.xcassets --compile /tmp/alfie-diagnostics/build/Build/Intermediates.noindex/CinematicCoreMacOS.build/Debug/CinematicCoreMacOS.build/assetcatalog_output/thinned --output-format human-readable-text --notices --warnings --export-dependency-info /tmp/alfie-diagnostics/build/Build/Intermediates.noindex/CinematicCoreMacOS.build/Debug/CinematicCoreMacOS.build/assetcatalog_dependencies_thinned --output-partial-info-plist /tmp/alfie-diagnostics/build/Build/Intermediates.noindex/CinematicCoreMacOS.build/Debug/CinematicCoreMacOS.build/assetcatalog_generated_info.plist_thinned --app-icon AppIcon --accent-color AccentColor --enable-on-demand-resources NO --development-region en --target-device mac --minimum-deployment-target 26.2 --platform macosx
/* com.apple.actool.compilation-results */
/tmp/alfie-diagnostics/build/Build/Intermediates.noindex/CinematicCoreMacOS.build/Debug/CinematicCoreMacOS.build/assetcatalog_generated_info.plist_thinned
/tmp/alfie-diagnostics/build/Build/Intermediates.noindex/CinematicCoreMacOS.build/Debug/CinematicCoreMacOS.build/assetcatalog_output/thinned/AppIcon.icns
/tmp/alfie-diagnostics/build/Build/Intermediates.noindex/CinematicCoreMacOS.build/Debug/CinematicCoreMacOS.build/assetcatalog_output/thinned/Assets.car


SwiftDriver CinematicCoreMacOS normal arm64 com.apple.xcode.tools.swift.compiler (in target 'CinematicCoreMacOS' from project 'CinematicCoreMacOS')
    cd /Users/stephanmorris/Documents/macOS-rl-viritual-camera/CinematicCoreMacOS
    builtin-SwiftDriver -- /Applications/Xcode.app/Contents/Developer/Toolchains/XcodeDefault.xctoolchain/usr/bin/swiftc -module-name Alfie -Onone -enforce-exclusivity\=checked @/tmp/alfie-diagnostics/build/Build/Intermediates.noindex/CinematicCoreMacOS.build/Debug/CinematicCoreMacOS.build/Objects-normal/arm64/Alfie.SwiftFileList -DDEBUG -default-isolation\=MainActor -enable-bare-slash-regex -enable-upcoming-feature DisableOutwardActorInference -enable-upcoming-feature InferSendableFromCaptures -enable-upcoming-feature GlobalActorIsolatedTypesUsability -enable-upcoming-feature MemberImportVisibility -enable-upcoming-feature InferIsolatedConformances -enable-upcoming-feature NonisolatedNonsendingByDefault -enable-experimental-feature DebugDescriptionMacro -sdk /Applications/Xcode.app/Contents/Developer/Platforms/MacOSX.platform/Developer/SDKs/MacOSX26.2.sdk -target arm64-apple-macos26.2 -g -module-cache-path /tmp/alfie-diagnostics/build/ModuleCache.noindex -Xfrontend -serialize-debugging-options -profile-coverage-mapping -profile-generate -enable-testing -index-store-path /tmp/alfie-diagnostics/build/Index.noindex/DataStore -Xcc -D_LIBCPP_HARDENING_MODE\=_LIBCPP_HARDENING_MODE_DEBUG -swift-version 5 -I /tmp/alfie-diagnostics/build/Build/Products/Debug -F /tmp/alfie-diagnostics/build/Build/Products/Debug -emit-localized-strings -emit-localized-strings-path /tmp/alfie-diagnostics/build/Build/Intermediates.noindex/CinematicCoreMacOS.build/Debug/CinematicCoreMacOS.build/Objects-normal/arm64 -c -j12 -enable-batch-mode -incremental -Xcc -ivfsstatcache -Xcc /tmp/alfie-diagnostics/build/SDKStatCaches.noindex/macosx26.2-25C57-dc75598d0054f22ec865fa860f139d7200fa09913b459cbbc988d1f6730289ae.sdkstatcache -output-file-map /tmp/alfie-diagnostics/build/Build/Intermediates.noindex/CinematicCoreMacOS.build/Debug/CinematicCoreMacOS.build/Objects-normal/arm64/CinematicCoreMacOS-OutputFileMap.json -use-frontend-parseable-output -save-temps -no-color-diagnostics -explicit-module-build -module-cache-path /tmp/alfie-diagnostics/build/Build/Intermediates.noindex/SwiftExplicitPrecompiledModules -clang-scanner-module-cache-path /tmp/alfie-diagnostics/build/ModuleCache.noindex -sdk-module-cache-path /tmp/alfie-diagnostics/build/ModuleCache.noindex -serialize-diagnostics -emit-dependencies -emit-module -emit-module-path /tmp/alfie-diagnostics/build/Build/Intermediates.noindex/CinematicCoreMacOS.build/Debug/CinematicCoreMacOS.build/Objects-normal/arm64/Alfie.swiftmodule -validate-clang-modules-once -clang-build-session-file /tmp/alfie-diagnostics/build/ModuleCache.noindex/Session.modulevalidation -Xcc -I/tmp/alfie-diagnostics/build/Build/Intermediates.noindex/CinematicCoreMacOS.build/Debug/CinematicCoreMacOS.build/swift-overrides.hmap -emit-const-values -Xfrontend -const-gather-protocols-file -Xfrontend /tmp/alfie-diagnostics/build/Build/Intermediates.noindex/CinematicCoreMacOS.build/Debug/CinematicCoreMacOS.build/Objects-normal/arm64/CinematicCoreMacOS_const_extract_protocols.json -Xcc -iquote -Xcc /tmp/alfie-diagnostics/build/Build/Intermediates.noindex/CinematicCoreMacOS.build/Debug/CinematicCoreMacOS.build/Alfie-generated-files.hmap -Xcc -I/tmp/alfie-diagnostics/build/Build/Intermediates.noindex/CinematicCoreMacOS.build/Debug/CinematicCoreMacOS.build/Alfie-own-target-headers.hmap -Xcc -I/tmp/alfie-diagnostics/build/Build/Intermediates.noindex/CinematicCoreMacOS.build/Debug/CinematicCoreMacOS.build/Alfie-all-target-headers.hmap -Xcc -iquote -Xcc /tmp/alfie-diagnostics/build/Build/Intermediates.noindex/CinematicCoreMacOS.build/Debug/CinematicCoreMacOS.build/Alfie-project-headers.hmap -Xcc -I/tmp/alfie-diagnostics/build/Build/Products/Debug/include -Xcc -I/tmp/alfie-diagnostics/build/Build/Intermediates.noindex/CinematicCoreMacOS.build/Debug/CinematicCoreMacOS.build/DerivedSources-normal/arm64 -Xcc -I/tmp/alfie-diagnostics/build/Build/Intermediates.noindex/CinematicCoreMacOS.build/Debug/CinematicCoreMacOS.build/DerivedSources/arm64 -Xcc -I/tmp/alfie-diagnostics/build/Build/Intermediates.noindex/CinematicCoreMacOS.build/Debug/CinematicCoreMacOS.build/DerivedSources -Xcc -DDEBUG\=1 -emit-objc-header -emit-objc-header-path /tmp/alfie-diagnostics/build/Build/Intermediates.noindex/CinematicCoreMacOS.build/Debug/CinematicCoreMacOS.build/Objects-normal/arm64/Alfie-Swift.h -import-objc-header /Users/stephanmorris/Documents/macOS-rl-viritual-camera/CinematicCoreMacOS/CinematicCoreMacOS/CinematicCoreMacOS-Bridging-Header.h -working-directory /Users/stephanmorris/Documents/macOS-rl-viritual-camera/CinematicCoreMacOS -experimental-emit-module-separately -disable-cmo

MetalLink /tmp/alfie-diagnostics/build/Build/Products/Debug/Alfie.app/Contents/Resources/default.metallib (in target 'CinematicCoreMacOS' from project 'CinematicCoreMacOS')
    cd /Users/stephanmorris/Documents/macOS-rl-viritual-camera/CinematicCoreMacOS
    /var/run/com.apple.security.cryptexd/mnt/com.apple.MobileAsset.MetalToolchain-v17.3.7003.10.InU4CR/Metal.xctoolchain/usr/bin/metal -target air64-apple-macos26.2 -frecord-sources -o /tmp/alfie-diagnostics/build/Build/Products/Debug/Alfie.app/Contents/Resources/default.metallib /tmp/alfie-diagnostics/build/Build/Intermediates.noindex/CinematicCoreMacOS.build/Debug/CinematicCoreMacOS.build/Metal/CropRenderer.air

SwiftExplicitDependencyGeneratePcm arm64 /tmp/alfie-diagnostics/build/ModuleCache.noindex/CoreMIDI-7QKM8YHC45L2GBL13WK21LLIW.pcm

SwiftExplicitDependencyGeneratePcm arm64 /tmp/alfie-diagnostics/build/ModuleCache.noindex/SystemExtensions-BZOQIY90BTPRSIESSQY575KQ1.pcm

SwiftExplicitDependencyGeneratePcm arm64 /tmp/alfie-diagnostics/build/ModuleCache.noindex/Accelerate-6P7YGG5XO0ZVPIEE8CJULG6ZZ.pcm

SwiftExplicitDependencyGeneratePcm arm64 /tmp/alfie-diagnostics/build/ModuleCache.noindex/Carbon-A08KQ8SB6RC35T7YP2MMAJDQK.pcm

SwiftExplicitDependencyGeneratePcm arm64 /tmp/alfie-diagnostics/build/ModuleCache.noindex/CoreML-3QUD5M8F87I298Q8ADOZK2P5H.pcm

SwiftExplicitDependencyGeneratePcm arm64 /tmp/alfie-diagnostics/build/ModuleCache.noindex/Vision-5SPMHP01C5R5S83WXDB9C01GV.pcm

SwiftExplicitDependencyGeneratePcm arm64 /tmp/alfie-diagnostics/build/ModuleCache.noindex/AudioToolbox-8ZTPQBCE2IMUYTMOC8I92PALG.pcm

SwiftExplicitDependencyGeneratePcm arm64 /tmp/alfie-diagnostics/build/ModuleCache.noindex/AVFAudio-4VLE2XE5OIEOF10GYEP0DO9YI.pcm

SwiftExplicitDependencyGeneratePcm arm64 /tmp/alfie-diagnostics/build/ModuleCache.noindex/MediaToolbox-60A0PPSGX8NGJ7N9T8PH7DTVT.pcm

SwiftDriverJobDiscovery normal arm64 Compiling CinematicCoreXPCProtocol.swift (in target 'CinematicCoreExtension' from project 'CinematicCoreMacOS')

SwiftExplicitDependencyGeneratePcm arm64 /tmp/alfie-diagnostics/build/ModuleCache.noindex/AVFoundation-9P7Q5VB9ZDKSPBADIAD5QNVJU.pcm

SwiftDriverJobDiscovery normal arm64 Compiling ShowStandard.swift (in target 'CinematicCoreExtension' from project 'CinematicCoreMacOS')

SwiftDriverJobDiscovery normal arm64 Compiling main.swift (in target 'CinematicCoreExtension' from project 'CinematicCoreMacOS')

SwiftGeneratePch normal arm64 Compiling\ bridging\ header (in target 'CinematicCoreMacOS' from project 'CinematicCoreMacOS')

SwiftDriverJobDiscovery normal arm64 Compiling bridging header (in target 'CinematicCoreMacOS' from project 'CinematicCoreMacOS')

SwiftEmitModule normal arm64 Emitting\ module\ for\ Alfie (in target 'CinematicCoreMacOS' from project 'CinematicCoreMacOS')

EmitSwiftModule normal arm64 (in target 'CinematicCoreMacOS' from project 'CinematicCoreMacOS')
    cd /Users/stephanmorris/Documents/macOS-rl-viritual-camera/CinematicCoreMacOS
    
/Users/stephanmorris/Documents/macOS-rl-viritual-camera/CinematicCoreMacOS/CinematicCoreMacOS/PersonDetector.swift:196:5: warning: 'nonisolated(unsafe)' is unnecessary for a constant with 'Sendable' type 'CIContext', consider removing it
    nonisolated(unsafe) private static let downscaleContext = CIContext(options: [
    ^~~~~~~~~~~~~~~~~~~~
    

SwiftCompile normal arm64 Compiling\ TrainingDataRecorder.swift,\ ValidationClipPlaybackView.swift /Users/stephanmorris/Documents/macOS-rl-viritual-camera/CinematicCoreMacOS/CinematicCoreMacOS/TrainingDataRecorder.swift /Users/stephanmorris/Documents/macOS-rl-viritual-camera/CinematicCoreMacOS/CinematicCoreMacOS/ValidationClipPlaybackView.swift (in target 'CinematicCoreMacOS' from project 'CinematicCoreMacOS')

SwiftCompile normal arm64 /Users/stephanmorris/Documents/macOS-rl-viritual-camera/CinematicCoreMacOS/CinematicCoreMacOS/TrainingDataRecorder.swift (in target 'CinematicCoreMacOS' from project 'CinematicCoreMacOS')
    cd /Users/stephanmorris/Documents/macOS-rl-viritual-camera/CinematicCoreMacOS
    

SwiftCompile normal arm64 /Users/stephanmorris/Documents/macOS-rl-viritual-camera/CinematicCoreMacOS/CinematicCoreMacOS/ValidationClipPlaybackView.swift (in target 'CinematicCoreMacOS' from project 'CinematicCoreMacOS')
    cd /Users/stephanmorris/Documents/macOS-rl-viritual-camera/CinematicCoreMacOS
    

SwiftCompile normal arm64 Compiling\ ShotComposerSettingsView.swift,\ ShowStandard.swift /Users/stephanmorris/Documents/macOS-rl-viritual-camera/CinematicCoreMacOS/CinematicCoreMacOS/ShotComposerSettingsView.swift /Users/stephanmorris/Documents/macOS-rl-viritual-camera/CinematicCoreMacOS/CinematicCoreMacOS/ShowStandard.swift (in target 'CinematicCoreMacOS' from project 'CinematicCoreMacOS')

SwiftCompile normal arm64 /Users/stephanmorris/Documents/macOS-rl-viritual-camera/CinematicCoreMacOS/CinematicCoreMacOS/ShotComposerSettingsView.swift (in target 'CinematicCoreMacOS' from project 'CinematicCoreMacOS')
    cd /Users/stephanmorris/Documents/macOS-rl-viritual-camera/CinematicCoreMacOS
    

SwiftCompile normal arm64 /Users/stephanmorris/Documents/macOS-rl-viritual-camera/CinematicCoreMacOS/CinematicCoreMacOS/ShowStandard.swift (in target 'CinematicCoreMacOS' from project 'CinematicCoreMacOS')
    cd /Users/stephanmorris/Documents/macOS-rl-viritual-camera/CinematicCoreMacOS
    

SwiftCompile normal arm64 Compiling\ XPCConnectionManager.swift,\ GeneratedAssetSymbols.swift /Users/stephanmorris/Documents/macOS-rl-viritual-camera/CinematicCoreMacOS/CinematicCoreMacOS/XPCConnectionManager.swift /tmp/alfie-diagnostics/build/Build/Intermediates.noindex/CinematicCoreMacOS.build/Debug/CinematicCoreMacOS.build/DerivedSources/GeneratedAssetSymbols.swift (in target 'CinematicCoreMacOS' from project 'CinematicCoreMacOS')

SwiftCompile normal arm64 /Users/stephanmorris/Documents/macOS-rl-viritual-camera/CinematicCoreMacOS/CinematicCoreMacOS/XPCConnectionManager.swift (in target 'CinematicCoreMacOS' from project 'CinematicCoreMacOS')
    cd /Users/stephanmorris/Documents/macOS-rl-viritual-camera/CinematicCoreMacOS
    

SwiftCompile normal arm64 /tmp/alfie-diagnostics/build/Build/Intermediates.noindex/CinematicCoreMacOS.build/Debug/CinematicCoreMacOS.build/DerivedSources/GeneratedAssetSymbols.swift (in target 'CinematicCoreMacOS' from project 'CinematicCoreMacOS')
    cd /Users/stephanmorris/Documents/macOS-rl-viritual-camera/CinematicCoreMacOS
    

SwiftCompile normal arm64 Compiling\ StoppedScreen.swift,\ SystemExtensionActivationManager.swift /Users/stephanmorris/Documents/macOS-rl-viritual-camera/CinematicCoreMacOS/CinematicCoreMacOS/StoppedScreen.swift /Users/stephanmorris/Documents/macOS-rl-viritual-camera/CinematicCoreMacOS/CinematicCoreMacOS/SystemExtensionActivationManager.swift (in target 'CinematicCoreMacOS' from project 'CinematicCoreMacOS')
SwiftCompile normal arm64 /Users/stephanmorris/Documents/macOS-rl-viritual-camera/CinematicCoreMacOS/CinematicCoreMacOS/StoppedScreen.swift (in target 'CinematicCoreMacOS' from project 'CinematicCoreMacOS')
    cd /Users/stephanmorris/Documents/macOS-rl-viritual-camera/CinematicCoreMacOS
    

SwiftCompile normal arm64 /Users/stephanmorris/Documents/macOS-rl-viritual-camera/CinematicCoreMacOS/CinematicCoreMacOS/SystemExtensionActivationManager.swift (in target 'CinematicCoreMacOS' from project 'CinematicCoreMacOS')
    cd /Users/stephanmorris/Documents/macOS-rl-viritual-camera/CinematicCoreMacOS
    

SwiftCompile normal arm64 Compiling\ RecorderSettingsView.swift,\ SettingsWindow.swift,\ ShotComposer.swift /Users/stephanmorris/Documents/macOS-rl-viritual-camera/CinematicCoreMacOS/CinematicCoreMacOS/RecorderSettingsView.swift /Users/stephanmorris/Documents/macOS-rl-viritual-camera/CinematicCoreMacOS/CinematicCoreMacOS/SettingsWindow.swift /Users/stephanmorris/Documents/macOS-rl-viritual-camera/CinematicCoreMacOS/CinematicCoreMacOS/ShotComposer.swift (in target 'CinematicCoreMacOS' from project 'CinematicCoreMacOS')
SwiftCompile normal arm64 /Users/stephanmorris/Documents/macOS-rl-viritual-camera/CinematicCoreMacOS/CinematicCoreMacOS/RecorderSettingsView.swift (in target 'CinematicCoreMacOS' from project 'CinematicCoreMacOS')
    cd /Users/stephanmorris/Documents/macOS-rl-viritual-camera/CinematicCoreMacOS
    

SwiftCompile normal arm64 /Users/stephanmorris/Documents/macOS-rl-viritual-camera/CinematicCoreMacOS/CinematicCoreMacOS/SettingsWindow.swift (in target 'CinematicCoreMacOS' from project 'CinematicCoreMacOS')
    cd /Users/stephanmorris/Documents/macOS-rl-viritual-camera/CinematicCoreMacOS
    

SwiftCompile normal arm64 /Users/stephanmorris/Documents/macOS-rl-viritual-camera/CinematicCoreMacOS/CinematicCoreMacOS/ShotComposer.swift (in target 'CinematicCoreMacOS' from project 'CinematicCoreMacOS')
    cd /Users/stephanmorris/Documents/macOS-rl-viritual-camera/CinematicCoreMacOS
    

SwiftCompile normal arm64 Compiling\ PersonDetector.swift,\ PixelBufferPreviewView.swift,\ ProgramOutputManager.swift /Users/stephanmorris/Documents/macOS-rl-viritual-camera/CinematicCoreMacOS/CinematicCoreMacOS/PersonDetector.swift /Users/stephanmorris/Documents/macOS-rl-viritual-camera/CinematicCoreMacOS/CinematicCoreMacOS/PixelBufferPreviewView.swift /Users/stephanmorris/Documents/macOS-rl-viritual-camera/CinematicCoreMacOS/CinematicCoreMacOS/ProgramOutputManager.swift (in target 'CinematicCoreMacOS' from project 'CinematicCoreMacOS')
SwiftCompile normal arm64 /Users/stephanmorris/Documents/macOS-rl-viritual-camera/CinematicCoreMacOS/CinematicCoreMacOS/PersonDetector.swift (in target 'CinematicCoreMacOS' from project 'CinematicCoreMacOS')
    cd /Users/stephanmorris/Documents/macOS-rl-viritual-camera/CinematicCoreMacOS
    
/Users/stephanmorris/Documents/macOS-rl-viritual-camera/CinematicCoreMacOS/CinematicCoreMacOS/PersonDetector.swift:196:5: warning: 'nonisolated(unsafe)' is unnecessary for a constant with 'Sendable' type 'CIContext', consider removing it
    nonisolated(unsafe) private static let downscaleContext = CIContext(options: [
    ^~~~~~~~~~~~~~~~~~~~
    

SwiftCompile normal arm64 /Users/stephanmorris/Documents/macOS-rl-viritual-camera/CinematicCoreMacOS/CinematicCoreMacOS/PixelBufferPreviewView.swift (in target 'CinematicCoreMacOS' from project 'CinematicCoreMacOS')
    cd /Users/stephanmorris/Documents/macOS-rl-viritual-camera/CinematicCoreMacOS
    

SwiftCompile normal arm64 /Users/stephanmorris/Documents/macOS-rl-viritual-camera/CinematicCoreMacOS/CinematicCoreMacOS/ProgramOutputManager.swift (in target 'CinematicCoreMacOS' from project 'CinematicCoreMacOS')
    cd /Users/stephanmorris/Documents/macOS-rl-viritual-camera/CinematicCoreMacOS
    

SwiftCompile normal arm64 Compiling\ CropEngine.swift,\ CropPreviewView.swift,\ DetectionOverlayView.swift /Users/stephanmorris/Documents/macOS-rl-viritual-camera/CinematicCoreMacOS/CinematicCoreMacOS/CropEngine.swift /Users/stephanmorris/Documents/macOS-rl-viritual-camera/CinematicCoreMacOS/CinematicCoreMacOS/CropPreviewView.swift /Users/stephanmorris/Documents/macOS-rl-viritual-camera/CinematicCoreMacOS/CinematicCoreMacOS/DetectionOverlayView.swift (in target 'CinematicCoreMacOS' from project 'CinematicCoreMacOS')

SwiftCompile normal arm64 /Users/stephanmorris/Documents/macOS-rl-viritual-camera/CinematicCoreMacOS/CinematicCoreMacOS/CropEngine.swift (in target 'CinematicCoreMacOS' from project 'CinematicCoreMacOS')
    cd /Users/stephanmorris/Documents/macOS-rl-viritual-camera/CinematicCoreMacOS
    
/Users/stephanmorris/Documents/macOS-rl-viritual-camera/CinematicCoreMacOS/CinematicCoreMacOS/CropEngine.swift:371:55: warning: capture of 'pixelBuffer' with non-Sendable type 'CVPixelBuffer' (aka 'CVBuffer') in a '@Sendable' closure
                    let buffer = try self.processCrop(pixelBuffer, crop: crop, outputSize: outputSize)
                                                      ^
CoreVideo.CVBuffer:1:14: note: class 'CVBuffer' does not conform to the 'Sendable' protocol
public class CVBuffer : _CFObject {
             ^

SwiftCompile normal arm64 /Users/stephanmorris/Documents/macOS-rl-viritual-camera/CinematicCoreMacOS/CinematicCoreMacOS/CropPreviewView.swift (in target 'CinematicCoreMacOS' from project 'CinematicCoreMacOS')
    cd /Users/stephanmorris/Documents/macOS-rl-viritual-camera/CinematicCoreMacOS
    
/Users/stephanmorris/Documents/macOS-rl-viritual-camera/CinematicCoreMacOS/CinematicCoreMacOS/CropEngine.swift:371:55: warning: capture of 'pixelBuffer' with non-Sendable type 'CVPixelBuffer' (aka 'CVBuffer') in a '@Sendable' closure
                    let buffer = try self.processCrop(pixelBuffer, crop: crop, outputSize: outputSize)
                                                      ^
CoreVideo.CVBuffer:1:14: note: class 'CVBuffer' does not conform to the 'Sendable' protocol
public class CVBuffer : _CFObject {
             ^

SwiftCompile normal arm64 /Users/stephanmorris/Documents/macOS-rl-viritual-camera/CinematicCoreMacOS/CinematicCoreMacOS/DetectionOverlayView.swift (in target 'CinematicCoreMacOS' from project 'CinematicCoreMacOS')
    cd /Users/stephanmorris/Documents/macOS-rl-viritual-camera/CinematicCoreMacOS
    
/Users/stephanmorris/Documents/macOS-rl-viritual-camera/CinematicCoreMacOS/CinematicCoreMacOS/CropEngine.swift:371:55: warning: capture of 'pixelBuffer' with non-Sendable type 'CVPixelBuffer' (aka 'CVBuffer') in a '@Sendable' closure
                    let buffer = try self.processCrop(pixelBuffer, crop: crop, outputSize: outputSize)
                                                      ^
CoreVideo.CVBuffer:1:14: note: class 'CVBuffer' does not conform to the 'Sendable' protocol
public class CVBuffer : _CFObject {
             ^

SwiftCompile normal arm64 Compiling\ DiagnosticsLog.swift,\ DisplayOutputSink.swift,\ FaceSignatureExtractor.swift /Users/stephanmorris/Documents/macOS-rl-viritual-camera/CinematicCoreMacOS/CinematicCoreMacOS/DiagnosticsLog.swift /Users/stephanmorris/Documents/macOS-rl-viritual-camera/CinematicCoreMacOS/CinematicCoreMacOS/DisplayOutputSink.swift /Users/stephanmorris/Documents/macOS-rl-viritual-camera/CinematicCoreMacOS/CinematicCoreMacOS/FaceSignatureExtractor.swift (in target 'CinematicCoreMacOS' from project 'CinematicCoreMacOS')

SwiftCompile normal arm64 /Users/stephanmorris/Documents/macOS-rl-viritual-camera/CinematicCoreMacOS/CinematicCoreMacOS/DiagnosticsLog.swift (in target 'CinematicCoreMacOS' from project 'CinematicCoreMacOS')
    cd /Users/stephanmorris/Documents/macOS-rl-viritual-camera/CinematicCoreMacOS
    

SwiftCompile normal arm64 /Users/stephanmorris/Documents/macOS-rl-viritual-camera/CinematicCoreMacOS/CinematicCoreMacOS/DisplayOutputSink.swift (in target 'CinematicCoreMacOS' from project 'CinematicCoreMacOS')
    cd /Users/stephanmorris/Documents/macOS-rl-viritual-camera/CinematicCoreMacOS
    

SwiftCompile normal arm64 /Users/stephanmorris/Documents/macOS-rl-viritual-camera/CinematicCoreMacOS/CinematicCoreMacOS/FaceSignatureExtractor.swift (in target 'CinematicCoreMacOS' from project 'CinematicCoreMacOS')
    cd /Users/stephanmorris/Documents/macOS-rl-viritual-camera/CinematicCoreMacOS
    

SwiftDriverJobDiscovery normal arm64 Compiling CinematicCoreExtensionProvider.swift (in target 'CinematicCoreExtension' from project 'CinematicCoreMacOS')

SwiftCompile normal arm64 Compiling\ CinematicAgentSettingsView.swift,\ CinematicCoreMacOSApp.swift,\ ContentView.swift /Users/stephanmorris/Documents/macOS-rl-viritual-camera/CinematicCoreMacOS/CinematicCoreMacOS/CinematicAgentSettingsView.swift /Users/stephanmorris/Documents/macOS-rl-viritual-camera/CinematicCoreMacOS/CinematicCoreMacOS/CinematicCoreMacOSApp.swift /Users/stephanmorris/Documents/macOS-rl-viritual-camera/CinematicCoreMacOS/CinematicCoreMacOS/ContentView.swift (in target 'CinematicCoreMacOS' from project 'CinematicCoreMacOS')

SwiftCompile normal arm64 /Users/stephanmorris/Documents/macOS-rl-viritual-camera/CinematicCoreMacOS/CinematicCoreMacOS/CinematicAgentSettingsView.swift (in target 'CinematicCoreMacOS' from project 'CinematicCoreMacOS')
    cd /Users/stephanmorris/Documents/macOS-rl-viritual-camera/CinematicCoreMacOS
    

SwiftCompile normal arm64 /Users/stephanmorris/Documents/macOS-rl-viritual-camera/CinematicCoreMacOS/CinematicCoreMacOS/CinematicCoreMacOSApp.swift (in target 'CinematicCoreMacOS' from project 'CinematicCoreMacOS')
    cd /Users/stephanmorris/Documents/macOS-rl-viritual-camera/CinematicCoreMacOS
    

SwiftCompile normal arm64 /Users/stephanmorris/Documents/macOS-rl-viritual-camera/CinematicCoreMacOS/CinematicCoreMacOS/ContentView.swift (in target 'CinematicCoreMacOS' from project 'CinematicCoreMacOS')
    cd /Users/stephanmorris/Documents/macOS-rl-viritual-camera/CinematicCoreMacOS
    

LinkAssetCatalog /Users/stephanmorris/Documents/macOS-rl-viritual-camera/CinematicCoreMacOS/CinematicCoreMacOS/Assets.xcassets (in target 'CinematicCoreMacOS' from project 'CinematicCoreMacOS')
    cd /Users/stephanmorris/Documents/macOS-rl-viritual-camera/CinematicCoreMacOS
    builtin-linkAssetCatalog --thinned /tmp/alfie-diagnostics/build/Build/Intermediates.noindex/CinematicCoreMacOS.build/Debug/CinematicCoreMacOS.build/assetcatalog_output/thinned --thinned-dependencies /tmp/alfie-diagnostics/build/Build/Intermediates.noindex/CinematicCoreMacOS.build/Debug/CinematicCoreMacOS.build/assetcatalog_dependencies_thinned --thinned-info-plist-content /tmp/alfie-diagnostics/build/Build/Intermediates.noindex/CinematicCoreMacOS.build/Debug/CinematicCoreMacOS.build/assetcatalog_generated_info.plist_thinned --unthinned /tmp/alfie-diagnostics/build/Build/Intermediates.noindex/CinematicCoreMacOS.build/Debug/CinematicCoreMacOS.build/assetcatalog_output/unthinned --unthinned-dependencies /tmp/alfie-diagnostics/build/Build/Intermediates.noindex/CinematicCoreMacOS.build/Debug/CinematicCoreMacOS.build/assetcatalog_dependencies_unthinned --unthinned-info-plist-content /tmp/alfie-diagnostics/build/Build/Intermediates.noindex/CinematicCoreMacOS.build/Debug/CinematicCoreMacOS.build/assetcatalog_generated_info.plist_unthinned --output /tmp/alfie-diagnostics/build/Build/Products/Debug/Alfie.app/Contents/Resources --plist-output /tmp/alfie-diagnostics/build/Build/Intermediates.noindex/CinematicCoreMacOS.build/Debug/CinematicCoreMacOS.build/assetcatalog_generated_info.plist
note: Emplaced /tmp/alfie-diagnostics/build/Build/Products/Debug/Alfie.app/Contents/Resources/AppIcon.icns (in target 'CinematicCoreMacOS' from project 'CinematicCoreMacOS')
note: Emplaced /tmp/alfie-diagnostics/build/Build/Products/Debug/Alfie.app/Contents/Resources/Assets.car (in target 'CinematicCoreMacOS' from project 'CinematicCoreMacOS')

SwiftDriverJobDiscovery normal arm64 Compiling DiagnosticsLog.swift (in target 'CinematicCoreExtension' from project 'CinematicCoreMacOS')

SwiftCompile normal arm64 Compiling\ InspectorDrawer.swift,\ OperatorPill.swift,\ OverlayLayer.swift /Users/stephanmorris/Documents/macOS-rl-viritual-camera/CinematicCoreMacOS/CinematicCoreMacOS/InspectorDrawer.swift /Users/stephanmorris/Documents/macOS-rl-viritual-camera/CinematicCoreMacOS/CinematicCoreMacOS/OperatorPill.swift /Users/stephanmorris/Documents/macOS-rl-viritual-camera/CinematicCoreMacOS/CinematicCoreMacOS/OverlayLayer.swift (in target 'CinematicCoreMacOS' from project 'CinematicCoreMacOS')
SwiftCompile normal arm64 /Users/stephanmorris/Documents/macOS-rl-viritual-camera/CinematicCoreMacOS/CinematicCoreMacOS/InspectorDrawer.swift (in target 'CinematicCoreMacOS' from project 'CinematicCoreMacOS')
    cd /Users/stephanmorris/Documents/macOS-rl-viritual-camera/CinematicCoreMacOS
    

SwiftCompile normal arm64 /Users/stephanmorris/Documents/macOS-rl-viritual-camera/CinematicCoreMacOS/CinematicCoreMacOS/OperatorPill.swift (in target 'CinematicCoreMacOS' from project 'CinematicCoreMacOS')
    cd /Users/stephanmorris/Documents/macOS-rl-viritual-camera/CinematicCoreMacOS
    

SwiftCompile normal arm64 /Users/stephanmorris/Documents/macOS-rl-viritual-camera/CinematicCoreMacOS/CinematicCoreMacOS/OverlayLayer.swift (in target 'CinematicCoreMacOS' from project 'CinematicCoreMacOS')
    cd /Users/stephanmorris/Documents/macOS-rl-viritual-camera/CinematicCoreMacOS
    

SwiftCompile normal arm64 Compiling\ CameraManager.swift,\ CameraPreviewView.swift,\ CinematicAgent.swift /Users/stephanmorris/Documents/macOS-rl-viritual-camera/CinematicCoreMacOS/CinematicCoreMacOS/CameraManager.swift /Users/stephanmorris/Documents/macOS-rl-viritual-camera/CinematicCoreMacOS/CinematicCoreMacOS/CameraPreviewView.swift /Users/stephanmorris/Documents/macOS-rl-viritual-camera/CinematicCoreMacOS/CinematicCoreMacOS/CinematicAgent.swift (in target 'CinematicCoreMacOS' from project 'CinematicCoreMacOS')
SwiftCompile normal arm64 /Users/stephanmorris/Documents/macOS-rl-viritual-camera/CinematicCoreMacOS/CinematicCoreMacOS/CameraManager.swift (in target 'CinematicCoreMacOS' from project 'CinematicCoreMacOS')
    cd /Users/stephanmorris/Documents/macOS-rl-viritual-camera/CinematicCoreMacOS
    
/Users/stephanmorris/Documents/macOS-rl-viritual-camera/CinematicCoreMacOS/CinematicCoreMacOS/CameraManager.swift:65:47: warning: main actor-isolated property 'frameRate' can not be referenced from a nonisolated context
        let targetRate = ShowStandard.current.frameRate
                                              ^
/Users/stephanmorris/Documents/macOS-rl-viritual-camera/CinematicCoreMacOS/CinematicCoreMacOS/ShowStandard.swift:36:9: note: property declared here
    var frameRate: Double {
        ^
/Users/stephanmorris/Documents/macOS-rl-viritual-camera/CinematicCoreMacOS/CinematicCoreMacOS/CameraManager.swift:65:39: warning: main actor-isolated static property 'current' can not be referenced from a nonisolated context
        let targetRate = ShowStandard.current.frameRate
                                      ^
/Users/stephanmorris/Documents/macOS-rl-viritual-camera/CinematicCoreMacOS/CinematicCoreMacOS/ShowStandard.swift:49:16: note: static property declared here
    static var current: ShowStandard {
               ^

SwiftCompile normal arm64 /Users/stephanmorris/Documents/macOS-rl-viritual-camera/CinematicCoreMacOS/CinematicCoreMacOS/CameraPreviewView.swift (in target 'CinematicCoreMacOS' from project 'CinematicCoreMacOS')
    cd /Users/stephanmorris/Documents/macOS-rl-viritual-camera/CinematicCoreMacOS
    

SwiftCompile normal arm64 /Users/stephanmorris/Documents/macOS-rl-viritual-camera/CinematicCoreMacOS/CinematicCoreMacOS/CinematicAgent.swift (in target 'CinematicCoreMacOS' from project 'CinematicCoreMacOS')
    cd /Users/stephanmorris/Documents/macOS-rl-viritual-camera/CinematicCoreMacOS
    

SwiftDriverJobDiscovery normal arm64 Emitting module for Alfie (in target 'CinematicCoreMacOS' from project 'CinematicCoreMacOS')

SwiftDriver\ Compilation\ Requirements CinematicCoreMacOS normal arm64 com.apple.xcode.tools.swift.compiler (in target 'CinematicCoreMacOS' from project 'CinematicCoreMacOS')
    cd /Users/stephanmorris/Documents/macOS-rl-viritual-camera/CinematicCoreMacOS
    builtin-Swift-Compilation-Requirements -- /Applications/Xcode.app/Contents/Developer/Toolchains/XcodeDefault.xctoolchain/usr/bin/swiftc -module-name Alfie -Onone -enforce-exclusivity\=checked @/tmp/alfie-diagnostics/build/Build/Intermediates.noindex/CinematicCoreMacOS.build/Debug/CinematicCoreMacOS.build/Objects-normal/arm64/Alfie.SwiftFileList -DDEBUG -default-isolation\=MainActor -enable-bare-slash-regex -enable-upcoming-feature DisableOutwardActorInference -enable-upcoming-feature InferSendableFromCaptures -enable-upcoming-feature GlobalActorIsolatedTypesUsability -enable-upcoming-feature MemberImportVisibility -enable-upcoming-feature InferIsolatedConformances -enable-upcoming-feature NonisolatedNonsendingByDefault -enable-experimental-feature DebugDescriptionMacro -sdk /Applications/Xcode.app/Contents/Developer/Platforms/MacOSX.platform/Developer/SDKs/MacOSX26.2.sdk -target arm64-apple-macos26.2 -g -module-cache-path /tmp/alfie-diagnostics/build/ModuleCache.noindex -Xfrontend -serialize-debugging-options -profile-coverage-mapping -profile-generate -enable-testing -index-store-path /tmp/alfie-diagnostics/build/Index.noindex/DataStore -Xcc -D_LIBCPP_HARDENING_MODE\=_LIBCPP_HARDENING_MODE_DEBUG -swift-version 5 -I /tmp/alfie-diagnostics/build/Build/Products/Debug -F /tmp/alfie-diagnostics/build/Build/Products/Debug -emit-localized-strings -emit-localized-strings-path /tmp/alfie-diagnostics/build/Build/Intermediates.noindex/CinematicCoreMacOS.build/Debug/CinematicCoreMacOS.build/Objects-normal/arm64 -c -j12 -enable-batch-mode -incremental -Xcc -ivfsstatcache -Xcc /tmp/alfie-diagnostics/build/SDKStatCaches.noindex/macosx26.2-25C57-dc75598d0054f22ec865fa860f139d7200fa09913b459cbbc988d1f6730289ae.sdkstatcache -output-file-map /tmp/alfie-diagnostics/build/Build/Intermediates.noindex/CinematicCoreMacOS.build/Debug/CinematicCoreMacOS.build/Objects-normal/arm64/CinematicCoreMacOS-OutputFileMap.json -use-frontend-parseable-output -save-temps -no-color-diagnostics -explicit-module-build -module-cache-path /tmp/alfie-diagnostics/build/Build/Intermediates.noindex/SwiftExplicitPrecompiledModules -clang-scanner-module-cache-path /tmp/alfie-diagnostics/build/ModuleCache.noindex -sdk-module-cache-path /tmp/alfie-diagnostics/build/ModuleCache.noindex -serialize-diagnostics -emit-dependencies -emit-module -emit-module-path /tmp/alfie-diagnostics/build/Build/Intermediates.noindex/CinematicCoreMacOS.build/Debug/CinematicCoreMacOS.build/Objects-normal/arm64/Alfie.swiftmodule -validate-clang-modules-once -clang-build-session-file /tmp/alfie-diagnostics/build/ModuleCache.noindex/Session.modulevalidation -Xcc -I/tmp/alfie-diagnostics/build/Build/Intermediates.noindex/CinematicCoreMacOS.build/Debug/CinematicCoreMacOS.build/swift-overrides.hmap -emit-const-values -Xfrontend -const-gather-protocols-file -Xfrontend /tmp/alfie-diagnostics/build/Build/Intermediates.noindex/CinematicCoreMacOS.build/Debug/CinematicCoreMacOS.build/Objects-normal/arm64/CinematicCoreMacOS_const_extract_protocols.json -Xcc -iquote -Xcc /tmp/alfie-diagnostics/build/Build/Intermediates.noindex/CinematicCoreMacOS.build/Debug/CinematicCoreMacOS.build/Alfie-generated-files.hmap -Xcc -I/tmp/alfie-diagnostics/build/Build/Intermediates.noindex/CinematicCoreMacOS.build/Debug/CinematicCoreMacOS.build/Alfie-own-target-headers.hmap -Xcc -I/tmp/alfie-diagnostics/build/Build/Intermediates.noindex/CinematicCoreMacOS.build/Debug/CinematicCoreMacOS.build/Alfie-all-target-headers.hmap -Xcc -iquote -Xcc /tmp/alfie-diagnostics/build/Build/Intermediates.noindex/CinematicCoreMacOS.build/Debug/CinematicCoreMacOS.build/Alfie-project-headers.hmap -Xcc -I/tmp/alfie-diagnostics/build/Build/Products/Debug/include -Xcc -I/tmp/alfie-diagnostics/build/Build/Intermediates.noindex/CinematicCoreMacOS.build/Debug/CinematicCoreMacOS.build/DerivedSources-normal/arm64 -Xcc -I/tmp/alfie-diagnostics/build/Build/Intermediates.noindex/CinematicCoreMacOS.build/Debug/CinematicCoreMacOS.build/DerivedSources/arm64 -Xcc -I/tmp/alfie-diagnostics/build/Build/Intermediates.noindex/CinematicCoreMacOS.build/Debug/CinematicCoreMacOS.build/DerivedSources -Xcc -DDEBUG\=1 -emit-objc-header -emit-objc-header-path /tmp/alfie-diagnostics/build/Build/Intermediates.noindex/CinematicCoreMacOS.build/Debug/CinematicCoreMacOS.build/Objects-normal/arm64/Alfie-Swift.h -import-objc-header /Users/stephanmorris/Documents/macOS-rl-viritual-camera/CinematicCoreMacOS/CinematicCoreMacOS/CinematicCoreMacOS-Bridging-Header.h -working-directory /Users/stephanmorris/Documents/macOS-rl-viritual-camera/CinematicCoreMacOS -experimental-emit-module-separately -disable-cmo

SwiftDriverJobDiscovery normal arm64 Compiling XPCConnectionManager.swift, GeneratedAssetSymbols.swift (in target 'CinematicCoreMacOS' from project 'CinematicCoreMacOS')

SwiftCompile normal arm64 Compiling\ DetectionSettingsView.swift,\ DeveloperFlags.swift,\ CinematicCoreXPCProtocol.swift /Users/stephanmorris/Documents/macOS-rl-viritual-camera/CinematicCoreMacOS/CinematicCoreMacOS/DetectionSettingsView.swift /Users/stephanmorris/Documents/macOS-rl-viritual-camera/CinematicCoreMacOS/CinematicCoreMacOS/DeveloperFlags.swift /Users/stephanmorris/Documents/macOS-rl-viritual-camera/CinematicCoreMacOS/Shared/CinematicCoreXPCProtocol.swift (in target 'CinematicCoreMacOS' from project 'CinematicCoreMacOS')

SwiftCompile normal arm64 /Users/stephanmorris/Documents/macOS-rl-viritual-camera/CinematicCoreMacOS/CinematicCoreMacOS/DetectionSettingsView.swift (in target 'CinematicCoreMacOS' from project 'CinematicCoreMacOS')
    cd /Users/stephanmorris/Documents/macOS-rl-viritual-camera/CinematicCoreMacOS
    

SwiftCompile normal arm64 /Users/stephanmorris/Documents/macOS-rl-viritual-camera/CinematicCoreMacOS/CinematicCoreMacOS/DeveloperFlags.swift (in target 'CinematicCoreMacOS' from project 'CinematicCoreMacOS')
    cd /Users/stephanmorris/Documents/macOS-rl-viritual-camera/CinematicCoreMacOS
    

SwiftCompile normal arm64 /Users/stephanmorris/Documents/macOS-rl-viritual-camera/CinematicCoreMacOS/Shared/CinematicCoreXPCProtocol.swift (in target 'CinematicCoreMacOS' from project 'CinematicCoreMacOS')
    cd /Users/stephanmorris/Documents/macOS-rl-viritual-camera/CinematicCoreMacOS
    

SwiftMergeGeneratedHeaders /tmp/alfie-diagnostics/build/Build/Intermediates.noindex/CinematicCoreMacOS.build/Debug/CinematicCoreMacOS.build/DerivedSources/Alfie-Swift.h /tmp/alfie-diagnostics/build/Build/Intermediates.noindex/CinematicCoreMacOS.build/Debug/CinematicCoreMacOS.build/Objects-normal/arm64/Alfie-Swift.h (in target 'CinematicCoreMacOS' from project 'CinematicCoreMacOS')
    cd /Users/stephanmorris/Documents/macOS-rl-viritual-camera/CinematicCoreMacOS
    builtin-swiftHeaderTool -arch arm64 /tmp/alfie-diagnostics/build/Build/Intermediates.noindex/CinematicCoreMacOS.build/Debug/CinematicCoreMacOS.build/Objects-normal/arm64/Alfie-Swift.h -o /tmp/alfie-diagnostics/build/Build/Intermediates.noindex/CinematicCoreMacOS.build/Debug/CinematicCoreMacOS.build/DerivedSources/Alfie-Swift.h

SwiftDriverJobDiscovery normal arm64 Compiling ShotComposerSettingsView.swift, ShowStandard.swift (in target 'CinematicCoreMacOS' from project 'CinematicCoreMacOS')

Copy /tmp/alfie-diagnostics/build/Build/Products/Debug/Alfie.swiftmodule/arm64-apple-macos.swiftmodule /tmp/alfie-diagnostics/build/Build/Intermediates.noindex/CinematicCoreMacOS.build/Debug/CinematicCoreMacOS.build/Objects-normal/arm64/Alfie.swiftmodule (in target 'CinematicCoreMacOS' from project 'CinematicCoreMacOS')
    cd /Users/stephanmorris/Documents/macOS-rl-viritual-camera/CinematicCoreMacOS
    builtin-copy -exclude .DS_Store -exclude CVS -exclude .svn -exclude .git -exclude .hg -resolve-src-symlinks -rename /tmp/alfie-diagnostics/build/Build/Intermediates.noindex/CinematicCoreMacOS.build/Debug/CinematicCoreMacOS.build/Objects-normal/arm64/Alfie.swiftmodule /tmp/alfie-diagnostics/build/Build/Products/Debug/Alfie.swiftmodule/arm64-apple-macos.swiftmodule

Copy /tmp/alfie-diagnostics/build/Build/Products/Debug/Alfie.swiftmodule/arm64-apple-macos.swiftdoc /tmp/alfie-diagnostics/build/Build/Intermediates.noindex/CinematicCoreMacOS.build/Debug/CinematicCoreMacOS.build/Objects-normal/arm64/Alfie.swiftdoc (in target 'CinematicCoreMacOS' from project 'CinematicCoreMacOS')
    cd /Users/stephanmorris/Documents/macOS-rl-viritual-camera/CinematicCoreMacOS
    builtin-copy -exclude .DS_Store -exclude CVS -exclude .svn -exclude .git -exclude .hg -resolve-src-symlinks -rename /tmp/alfie-diagnostics/build/Build/Intermediates.noindex/CinematicCoreMacOS.build/Debug/CinematicCoreMacOS.build/Objects-normal/arm64/Alfie.swiftdoc /tmp/alfie-diagnostics/build/Build/Products/Debug/Alfie.swiftmodule/arm64-apple-macos.swiftdoc

Copy /tmp/alfie-diagnostics/build/Build/Products/Debug/Alfie.swiftmodule/arm64-apple-macos.abi.json /tmp/alfie-diagnostics/build/Build/Intermediates.noindex/CinematicCoreMacOS.build/Debug/CinematicCoreMacOS.build/Objects-normal/arm64/Alfie.abi.json (in target 'CinematicCoreMacOS' from project 'CinematicCoreMacOS')
    cd /Users/stephanmorris/Documents/macOS-rl-viritual-camera/CinematicCoreMacOS
    builtin-copy -exclude .DS_Store -exclude CVS -exclude .svn -exclude .git -exclude .hg -resolve-src-symlinks -rename /tmp/alfie-diagnostics/build/Build/Intermediates.noindex/CinematicCoreMacOS.build/Debug/CinematicCoreMacOS.build/Objects-normal/arm64/Alfie.abi.json /tmp/alfie-diagnostics/build/Build/Products/Debug/Alfie.swiftmodule/arm64-apple-macos.abi.json

Copy /tmp/alfie-diagnostics/build/Build/Products/Debug/Alfie.swiftmodule/Project/arm64-apple-macos.swiftsourceinfo /tmp/alfie-diagnostics/build/Build/Intermediates.noindex/CinematicCoreMacOS.build/Debug/CinematicCoreMacOS.build/Objects-normal/arm64/Alfie.swiftsourceinfo (in target 'CinematicCoreMacOS' from project 'CinematicCoreMacOS')
    cd /Users/stephanmorris/Documents/macOS-rl-viritual-camera/CinematicCoreMacOS
    builtin-copy -exclude .DS_Store -exclude CVS -exclude .svn -exclude .git -exclude .hg -resolve-src-symlinks -rename /tmp/alfie-diagnostics/build/Build/Intermediates.noindex/CinematicCoreMacOS.build/Debug/CinematicCoreMacOS.build/Objects-normal/arm64/Alfie.swiftsourceinfo /tmp/alfie-diagnostics/build/Build/Products/Debug/Alfie.swiftmodule/Project/arm64-apple-macos.swiftsourceinfo

SwiftDriver CinematicCoreMacOSUITests normal arm64 com.apple.xcode.tools.swift.compiler (in target 'CinematicCoreMacOSUITests' from project 'CinematicCoreMacOS')
    cd /Users/stephanmorris/Documents/macOS-rl-viritual-camera/CinematicCoreMacOS
    builtin-SwiftDriver -- /Applications/Xcode.app/Contents/Developer/Toolchains/XcodeDefault.xctoolchain/usr/bin/swiftc -module-name CinematicCoreMacOSUITests -Onone -enforce-exclusivity\=checked @/tmp/alfie-diagnostics/build/Build/Intermediates.noindex/CinematicCoreMacOS.build/Debug/CinematicCoreMacOSUITests.build/Objects-normal/arm64/CinematicCoreMacOSUITests.SwiftFileList -DDEBUG -module-alias Testing\=_Testing_Unavailable -plugin-path /Applications/Xcode.app/Contents/Developer/Toolchains/XcodeDefault.xctoolchain/usr/lib/swift/host/plugins/testing -enable-bare-slash-regex -enable-upcoming-feature DisableOutwardActorInference -enable-upcoming-feature InferSendableFromCaptures -enable-upcoming-feature GlobalActorIsolatedTypesUsability -enable-upcoming-feature MemberImportVisibility -enable-upcoming-feature InferIsolatedConformances -enable-upcoming-feature NonisolatedNonsendingByDefault -enable-experimental-feature DebugDescriptionMacro -sdk /Applications/Xcode.app/Contents/Developer/Platforms/MacOSX.platform/Developer/SDKs/MacOSX26.2.sdk -target arm64-apple-macos26.2 -g -module-cache-path /tmp/alfie-diagnostics/build/ModuleCache.noindex -Xfrontend -serialize-debugging-options -profile-coverage-mapping -profile-generate -enable-testing -index-store-path /tmp/alfie-diagnostics/build/Index.noindex/DataStore -Xcc -D_LIBCPP_HARDENING_MODE\=_LIBCPP_HARDENING_MODE_DEBUG -swift-version 5 -I /tmp/alfie-diagnostics/build/Build/Products/Debug -Isystem /Applications/Xcode.app/Contents/Developer/Platforms/MacOSX.platform/Developer/usr/lib -F /tmp/alfie-diagnostics/build/Build/Products/Debug -F /Applications/Xcode.app/Contents/Developer/Platforms/MacOSX.platform/Developer/Library/Frameworks -c -j12 -enable-batch-mode -incremental -Xcc -ivfsstatcache -Xcc /tmp/alfie-diagnostics/build/SDKStatCaches.noindex/macosx26.2-25C57-dc75598d0054f22ec865fa860f139d7200fa09913b459cbbc988d1f6730289ae.sdkstatcache -output-file-map /tmp/alfie-diagnostics/build/Build/Intermediates.noindex/CinematicCoreMacOS.build/Debug/CinematicCoreMacOSUITests.build/Objects-normal/arm64/CinematicCoreMacOSUITests-OutputFileMap.json -use-frontend-parseable-output -save-temps -no-color-diagnostics -explicit-module-build -module-cache-path /tmp/alfie-diagnostics/build/Build/Intermediates.noindex/SwiftExplicitPrecompiledModules -clang-scanner-module-cache-path /tmp/alfie-diagnostics/build/ModuleCache.noindex -sdk-module-cache-path /tmp/alfie-diagnostics/build/ModuleCache.noindex -serialize-diagnostics -emit-dependencies -emit-module -emit-module-path /tmp/alfie-diagnostics/build/Build/Intermediates.noindex/CinematicCoreMacOS.build/Debug/CinematicCoreMacOSUITests.build/Objects-normal/arm64/CinematicCoreMacOSUITests.swiftmodule -validate-clang-modules-once -clang-build-session-file /tmp/alfie-diagnostics/build/ModuleCache.noindex/Session.modulevalidation -Xcc -I/tmp/alfie-diagnostics/build/Build/Intermediates.noindex/CinematicCoreMacOS.build/Debug/CinematicCoreMacOSUITests.build/swift-overrides.hmap -emit-const-values -Xfrontend -const-gather-protocols-file -Xfrontend /tmp/alfie-diagnostics/build/Build/Intermediates.noindex/CinematicCoreMacOS.build/Debug/CinematicCoreMacOSUITests.build/Objects-normal/arm64/CinematicCoreMacOSUITests_const_extract_protocols.json -Xcc -iquote -Xcc /tmp/alfie-diagnostics/build/Build/Intermediates.noindex/CinematicCoreMacOS.build/Debug/CinematicCoreMacOSUITests.build/CinematicCoreMacOSUITests-generated-files.hmap -Xcc -I/tmp/alfie-diagnostics/build/Build/Intermediates.noindex/CinematicCoreMacOS.build/Debug/CinematicCoreMacOSUITests.build/CinematicCoreMacOSUITests-own-target-headers.hmap -Xcc -I/tmp/alfie-diagnostics/build/Build/Intermediates.noindex/CinematicCoreMacOS.build/Debug/CinematicCoreMacOSUITests.build/CinematicCoreMacOSUITests-all-target-headers.hmap -Xcc -iquote -Xcc /tmp/alfie-diagnostics/build/Build/Intermediates.noindex/CinematicCoreMacOS.build/Debug/CinematicCoreMacOSUITests.build/CinematicCoreMacOSUITests-project-headers.hmap -Xcc -I/tmp/alfie-diagnostics/build/Build/Products/Debug/include -Xcc -I/tmp/alfie-diagnostics/build/Build/Intermediates.noindex/CinematicCoreMacOS.build/Debug/CinematicCoreMacOSUITests.build/DerivedSources-normal/arm64 -Xcc -I/tmp/alfie-diagnostics/build/Build/Intermediates.noindex/CinematicCoreMacOS.build/Debug/CinematicCoreMacOSUITests.build/DerivedSources/arm64 -Xcc -I/tmp/alfie-diagnostics/build/Build/Intermediates.noindex/CinematicCoreMacOS.build/Debug/CinematicCoreMacOSUITests.build/DerivedSources -Xcc -DDEBUG\=1 -emit-objc-header -emit-objc-header-path /tmp/alfie-diagnostics/build/Build/Intermediates.noindex/CinematicCoreMacOS.build/Debug/CinematicCoreMacOSUITests.build/Objects-normal/arm64/CinematicCoreMacOSUITests-Swift.h -working-directory /Users/stephanmorris/Documents/macOS-rl-viritual-camera/CinematicCoreMacOS -experimental-emit-module-separately -disable-cmo

SwiftDriverJobDiscovery normal arm64 Compiling TrainingDataRecorder.swift, ValidationClipPlaybackView.swift (in target 'CinematicCoreMacOS' from project 'CinematicCoreMacOS')

SwiftDriver CinematicCoreMacOSTests normal arm64 com.apple.xcode.tools.swift.compiler (in target 'CinematicCoreMacOSTests' from project 'CinematicCoreMacOS')
    cd /Users/stephanmorris/Documents/macOS-rl-viritual-camera/CinematicCoreMacOS
    builtin-SwiftDriver -- /Applications/Xcode.app/Contents/Developer/Toolchains/XcodeDefault.xctoolchain/usr/bin/swiftc -module-name CinematicCoreMacOSTests -Onone -enforce-exclusivity\=checked @/tmp/alfie-diagnostics/build/Build/Intermediates.noindex/CinematicCoreMacOS.build/Debug/CinematicCoreMacOSTests.build/Objects-normal/arm64/CinematicCoreMacOSTests.SwiftFileList -DDEBUG -plugin-path /Applications/Xcode.app/Contents/Developer/Toolchains/XcodeDefault.xctoolchain/usr/lib/swift/host/plugins/testing -enable-bare-slash-regex -enable-upcoming-feature DisableOutwardActorInference -enable-upcoming-feature InferSendableFromCaptures -enable-upcoming-feature GlobalActorIsolatedTypesUsability -enable-upcoming-feature MemberImportVisibility -enable-upcoming-feature InferIsolatedConformances -enable-upcoming-feature NonisolatedNonsendingByDefault -enable-experimental-feature DebugDescriptionMacro -sdk /Applications/Xcode.app/Contents/Developer/Platforms/MacOSX.platform/Developer/SDKs/MacOSX26.2.sdk -target arm64-apple-macos26.2 -g -module-cache-path /tmp/alfie-diagnostics/build/ModuleCache.noindex -Xfrontend -serialize-debugging-options -profile-coverage-mapping -profile-generate -enable-testing -index-store-path /tmp/alfie-diagnostics/build/Index.noindex/DataStore -Xcc -D_LIBCPP_HARDENING_MODE\=_LIBCPP_HARDENING_MODE_DEBUG -swift-version 5 -I /tmp/alfie-diagnostics/build/Build/Products/Debug -Isystem /Applications/Xcode.app/Contents/Developer/Platforms/MacOSX.platform/Developer/usr/lib -F /tmp/alfie-diagnostics/build/Build/Products/Debug -F /Applications/Xcode.app/Contents/Developer/Platforms/MacOSX.platform/Developer/Library/Frameworks -c -j12 -enable-batch-mode -incremental -Xcc -ivfsstatcache -Xcc /tmp/alfie-diagnostics/build/SDKStatCaches.noindex/macosx26.2-25C57-dc75598d0054f22ec865fa860f139d7200fa09913b459cbbc988d1f6730289ae.sdkstatcache -output-file-map /tmp/alfie-diagnostics/build/Build/Intermediates.noindex/CinematicCoreMacOS.build/Debug/CinematicCoreMacOSTests.build/Objects-normal/arm64/CinematicCoreMacOSTests-OutputFileMap.json -use-frontend-parseable-output -save-temps -no-color-diagnostics -explicit-module-build -module-cache-path /tmp/alfie-diagnostics/build/Build/Intermediates.noindex/SwiftExplicitPrecompiledModules -clang-scanner-module-cache-path /tmp/alfie-diagnostics/build/ModuleCache.noindex -sdk-module-cache-path /tmp/alfie-diagnostics/build/ModuleCache.noindex -serialize-diagnostics -emit-dependencies -emit-module -emit-module-path /tmp/alfie-diagnostics/build/Build/Intermediates.noindex/CinematicCoreMacOS.build/Debug/CinematicCoreMacOSTests.build/Objects-normal/arm64/CinematicCoreMacOSTests.swiftmodule -validate-clang-modules-once -clang-build-session-file /tmp/alfie-diagnostics/build/ModuleCache.noindex/Session.modulevalidation -Xcc -I/tmp/alfie-diagnostics/build/Build/Intermediates.noindex/CinematicCoreMacOS.build/Debug/CinematicCoreMacOSTests.build/swift-overrides.hmap -emit-const-values -Xfrontend -const-gather-protocols-file -Xfrontend /tmp/alfie-diagnostics/build/Build/Intermediates.noindex/CinematicCoreMacOS.build/Debug/CinematicCoreMacOSTests.build/Objects-normal/arm64/CinematicCoreMacOSTests_const_extract_protocols.json -Xcc -iquote -Xcc /tmp/alfie-diagnostics/build/Build/Intermediates.noindex/CinematicCoreMacOS.build/Debug/CinematicCoreMacOSTests.build/CinematicCoreMacOSTests-generated-files.hmap -Xcc -I/tmp/alfie-diagnostics/build/Build/Intermediates.noindex/CinematicCoreMacOS.build/Debug/CinematicCoreMacOSTests.build/CinematicCoreMacOSTests-own-target-headers.hmap -Xcc -I/tmp/alfie-diagnostics/build/Build/Intermediates.noindex/CinematicCoreMacOS.build/Debug/CinematicCoreMacOSTests.build/CinematicCoreMacOSTests-all-target-headers.hmap -Xcc -iquote -Xcc /tmp/alfie-diagnostics/build/Build/Intermediates.noindex/CinematicCoreMacOS.build/Debug/CinematicCoreMacOSTests.build/CinematicCoreMacOSTests-project-headers.hmap -Xcc -I/tmp/alfie-diagnostics/build/Build/Products/Debug/include -Xcc -I/tmp/alfie-diagnostics/build/Build/Intermediates.noindex/CinematicCoreMacOS.build/Debug/CinematicCoreMacOSTests.build/DerivedSources-normal/arm64 -Xcc -I/tmp/alfie-diagnostics/build/Build/Intermediates.noindex/CinematicCoreMacOS.build/Debug/CinematicCoreMacOSTests.build/DerivedSources/arm64 -Xcc -I/tmp/alfie-diagnostics/build/Build/Intermediates.noindex/CinematicCoreMacOS.build/Debug/CinematicCoreMacOSTests.build/DerivedSources -Xcc -DDEBUG\=1 -emit-objc-header -emit-objc-header-path /tmp/alfie-diagnostics/build/Build/Intermediates.noindex/CinematicCoreMacOS.build/Debug/CinematicCoreMacOSTests.build/Objects-normal/arm64/CinematicCoreMacOSTests-Swift.h -working-directory /Users/stephanmorris/Documents/macOS-rl-viritual-camera/CinematicCoreMacOS -experimental-emit-module-separately -disable-cmo

SwiftDriverJobDiscovery normal arm64 Compiling ProgramOutputManager.swift (in target 'CinematicCoreExtension' from project 'CinematicCoreMacOS')

SwiftDriver\ Compilation CinematicCoreExtension normal arm64 com.apple.xcode.tools.swift.compiler (in target 'CinematicCoreExtension' from project 'CinematicCoreMacOS')
    cd /Users/stephanmorris/Documents/macOS-rl-viritual-camera/CinematicCoreMacOS
    builtin-Swift-Compilation -- /Applications/Xcode.app/Contents/Developer/Toolchains/XcodeDefault.xctoolchain/usr/bin/swiftc -module-name Morris_CinematicCoreMacOS_CinematicCoreExtension -Onone -enforce-exclusivity\=checked @/tmp/alfie-diagnostics/build/Build/Intermediates.noindex/CinematicCoreMacOS.build/Debug/CinematicCoreExtension.build/Objects-normal/arm64/Morris.CinematicCoreMacOS.CinematicCoreExtension.SwiftFileList -DDEBUG -enable-bare-slash-regex -enable-upcoming-feature DisableOutwardActorInference -enable-upcoming-feature InferSendableFromCaptures -enable-upcoming-feature GlobalActorIsolatedTypesUsability -enable-upcoming-feature MemberImportVisibility -enable-upcoming-feature InferIsolatedConformances -enable-upcoming-feature NonisolatedNonsendingByDefault -enable-experimental-feature DebugDescriptionMacro -sdk /Applications/Xcode.app/Contents/Developer/Platforms/MacOSX.platform/Developer/SDKs/MacOSX26.2.sdk -target arm64-apple-macos26.2 -g -module-cache-path /tmp/alfie-diagnostics/build/ModuleCache.noindex -Xfrontend -serialize-debugging-options -profile-coverage-mapping -profile-generate -enable-testing -index-store-path /tmp/alfie-diagnostics/build/Index.noindex/DataStore -Xcc -D_LIBCPP_HARDENING_MODE\=_LIBCPP_HARDENING_MODE_DEBUG -swift-version 5 -I /tmp/alfie-diagnostics/build/Build/Products/Debug -F /tmp/alfie-diagnostics/build/Build/Products/Debug -emit-localized-strings -emit-localized-strings-path /tmp/alfie-diagnostics/build/Build/Intermediates.noindex/CinematicCoreMacOS.build/Debug/CinematicCoreExtension.build/Objects-normal/arm64 -c -j12 -enable-batch-mode -incremental -Xcc -ivfsstatcache -Xcc /tmp/alfie-diagnostics/build/SDKStatCaches.noindex/macosx26.2-25C57-dc75598d0054f22ec865fa860f139d7200fa09913b459cbbc988d1f6730289ae.sdkstatcache -output-file-map /tmp/alfie-diagnostics/build/Build/Intermediates.noindex/CinematicCoreMacOS.build/Debug/CinematicCoreExtension.build/Objects-normal/arm64/CinematicCoreExtension-OutputFileMap.json -use-frontend-parseable-output -save-temps -no-color-diagnostics -explicit-module-build -module-cache-path /tmp/alfie-diagnostics/build/Build/Intermediates.noindex/SwiftExplicitPrecompiledModules -clang-scanner-module-cache-path /tmp/alfie-diagnostics/build/ModuleCache.noindex -sdk-module-cache-path /tmp/alfie-diagnostics/build/ModuleCache.noindex -serialize-diagnostics -emit-dependencies -emit-module -emit-module-path /tmp/alfie-diagnostics/build/Build/Intermediates.noindex/CinematicCoreMacOS.build/Debug/CinematicCoreExtension.build/Objects-normal/arm64/Morris_CinematicCoreMacOS_CinematicCoreExtension.swiftmodule -validate-clang-modules-once -clang-build-session-file /tmp/alfie-diagnostics/build/ModuleCache.noindex/Session.modulevalidation -Xcc -I/tmp/alfie-diagnostics/build/Build/Intermediates.noindex/CinematicCoreMacOS.build/Debug/CinematicCoreExtension.build/swift-overrides.hmap -emit-const-values -Xfrontend -const-gather-protocols-file -Xfrontend /tmp/alfie-diagnostics/build/Build/Intermediates.noindex/CinematicCoreMacOS.build/Debug/CinematicCoreExtension.build/Objects-normal/arm64/CinematicCoreExtension_const_extract_protocols.json -Xcc -iquote -Xcc /tmp/alfie-diagnostics/build/Build/Intermediates.noindex/CinematicCoreMacOS.build/Debug/CinematicCoreExtension.build/Morris.CinematicCoreMacOS.CinematicCoreExtension-generated-files.hmap -Xcc -I/tmp/alfie-diagnostics/build/Build/Intermediates.noindex/CinematicCoreMacOS.build/Debug/CinematicCoreExtension.build/Morris.CinematicCoreMacOS.CinematicCoreExtension-own-target-headers.hmap -Xcc -I/tmp/alfie-diagnostics/build/Build/Intermediates.noindex/CinematicCoreMacOS.build/Debug/CinematicCoreExtension.build/Morris.CinematicCoreMacOS.CinematicCoreExtension-all-target-headers.hmap -Xcc -iquote -Xcc /tmp/alfie-diagnostics/build/Build/Intermediates.noindex/CinematicCoreMacOS.build/Debug/CinematicCoreExtension.build/Morris.CinematicCoreMacOS.CinematicCoreExtension-project-headers.hmap -Xcc -I/tmp/alfie-diagnostics/build/Build/Products/Debug/include -Xcc -I/tmp/alfie-diagnostics/build/Build/Intermediates.noindex/CinematicCoreMacOS.build/Debug/CinematicCoreExtension.build/DerivedSources-normal/arm64 -Xcc -I/tmp/alfie-diagnostics/build/Build/Intermediates.noindex/CinematicCoreMacOS.build/Debug/CinematicCoreExtension.build/DerivedSources/arm64 -Xcc -I/tmp/alfie-diagnostics/build/Build/Intermediates.noindex/CinematicCoreMacOS.build/Debug/CinematicCoreExtension.build/DerivedSources -Xcc -DDEBUG\=1 -emit-objc-header -emit-objc-header-path /tmp/alfie-diagnostics/build/Build/Intermediates.noindex/CinematicCoreMacOS.build/Debug/CinematicCoreExtension.build/Objects-normal/arm64/Morris_CinematicCoreMacOS_CinematicCoreExtension-Swift.h -working-directory /Users/stephanmorris/Documents/macOS-rl-viritual-camera/CinematicCoreMacOS -experimental-emit-module-separately -disable-cmo

Ld /tmp/alfie-diagnostics/build/Build/Products/Debug/Morris.CinematicCoreMacOS.CinematicCoreExtension.systemextension/Contents/MacOS/Morris.CinematicCoreMacOS.CinematicCoreExtension normal (in target 'CinematicCoreExtension' from project 'CinematicCoreMacOS')
    cd /Users/stephanmorris/Documents/macOS-rl-viritual-camera/CinematicCoreMacOS
    /Applications/Xcode.app/Contents/Developer/Toolchains/XcodeDefault.xctoolchain/usr/bin/clang -Xlinker -reproducible -target arm64-apple-macos26.2 -isysroot /Applications/Xcode.app/Contents/Developer/Platforms/MacOSX.platform/Developer/SDKs/MacOSX26.2.sdk -O0 -L/tmp/alfie-diagnostics/build/Build/Intermediates.noindex/EagerLinkingTBDs/Debug -L/tmp/alfie-diagnostics/build/Build/Products/Debug -F/tmp/alfie-diagnostics/build/Build/Intermediates.noindex/EagerLinkingTBDs/Debug -F/tmp/alfie-diagnostics/build/Build/Products/Debug -filelist /tmp/alfie-diagnostics/build/Build/Intermediates.noindex/CinematicCoreMacOS.build/Debug/CinematicCoreExtension.build/Objects-normal/arm64/Morris.CinematicCoreMacOS.CinematicCoreExtension.LinkFileList -Xlinker -rpath -Xlinker @executable_path/../Frameworks -Xlinker -rpath -Xlinker @executable_path/../../../../Frameworks -Xlinker -object_path_lto -Xlinker /tmp/alfie-diagnostics/build/Build/Intermediates.noindex/CinematicCoreMacOS.build/Debug/CinematicCoreExtension.build/Objects-normal/arm64/Morris.CinematicCoreMacOS.CinematicCoreExtension_lto.o -rdynamic -Xlinker -no_deduplicate -Xlinker -debug_variant -Xlinker -dependency_info -Xlinker /tmp/alfie-diagnostics/build/Build/Intermediates.noindex/CinematicCoreMacOS.build/Debug/CinematicCoreExtension.build/Objects-normal/arm64/Morris.CinematicCoreMacOS.CinematicCoreExtension_dependency_info.dat -fobjc-link-runtime -fprofile-instr-generate -L/Applications/Xcode.app/Contents/Developer/Toolchains/XcodeDefault.xctoolchain/usr/lib/swift/macosx -L/usr/lib/swift -Xlinker -add_ast_path -Xlinker /tmp/alfie-diagnostics/build/Build/Intermediates.noindex/CinematicCoreMacOS.build/Debug/CinematicCoreExtension.build/Objects-normal/arm64/Morris_CinematicCoreMacOS_CinematicCoreExtension.swiftmodule @/tmp/alfie-diagnostics/build/Build/Intermediates.noindex/CinematicCoreMacOS.build/Debug/CinematicCoreExtension.build/Objects-normal/arm64/Morris_CinematicCoreMacOS_CinematicCoreExtension-linker-args.resp -o /tmp/alfie-diagnostics/build/Build/Products/Debug/Morris.CinematicCoreMacOS.CinematicCoreExtension.systemextension/Contents/MacOS/Morris.CinematicCoreMacOS.CinematicCoreExtension

SwiftDriverJobDiscovery normal arm64 Compiling StoppedScreen.swift, SystemExtensionActivationManager.swift (in target 'CinematicCoreMacOS' from project 'CinematicCoreMacOS')

SwiftDriverJobDiscovery normal arm64 Compiling CinematicAgentSettingsView.swift, CinematicCoreMacOSApp.swift, ContentView.swift (in target 'CinematicCoreMacOS' from project 'CinematicCoreMacOS')

SwiftDriverJobDiscovery normal arm64 Compiling CropEngine.swift, CropPreviewView.swift, DetectionOverlayView.swift (in target 'CinematicCoreMacOS' from project 'CinematicCoreMacOS')

SwiftDriverJobDiscovery normal arm64 Compiling DetectionSettingsView.swift, DeveloperFlags.swift, CinematicCoreXPCProtocol.swift (in target 'CinematicCoreMacOS' from project 'CinematicCoreMacOS')

ExtractAppIntentsMetadata (in target 'CinematicCoreExtension' from project 'CinematicCoreMacOS')
    cd /Users/stephanmorris/Documents/macOS-rl-viritual-camera/CinematicCoreMacOS
    /Applications/Xcode.app/Contents/Developer/Toolchains/XcodeDefault.xctoolchain/usr/bin/appintentsmetadataprocessor --toolchain-dir /var/run/com.apple.security.cryptexd/mnt/com.apple.MobileAsset.MetalToolchain-v17.3.7003.10.InU4CR/Metal.xctoolchain --module-name Morris_CinematicCoreMacOS_CinematicCoreExtension --sdk-root /Applications/Xcode.app/Contents/Developer/Platforms/MacOSX.platform/Developer/SDKs/MacOSX26.2.sdk --xcode-version 17C52 --platform-family macOS --deployment-target 26.2 --bundle-identifier Morris.CinematicCoreMacOS.CinematicCoreExtension --output /tmp/alfie-diagnostics/build/Build/Products/Debug/Morris.CinematicCoreMacOS.CinematicCoreExtension.systemextension/Contents/Resources --target-triple arm64-apple-macos26.2 --binary-file /tmp/alfie-diagnostics/build/Build/Products/Debug/Morris.CinematicCoreMacOS.CinematicCoreExtension.systemextension/Contents/MacOS/Morris.CinematicCoreMacOS.CinematicCoreExtension --dependency-file /tmp/alfie-diagnostics/build/Build/Intermediates.noindex/CinematicCoreMacOS.build/Debug/CinematicCoreExtension.build/Objects-normal/arm64/Morris.CinematicCoreMacOS.CinematicCoreExtension_dependency_info.dat --stringsdata-file /tmp/alfie-diagnostics/build/Build/Intermediates.noindex/CinematicCoreMacOS.build/Debug/CinematicCoreExtension.build/Objects-normal/arm64/ExtractedAppShortcutsMetadata.stringsdata --source-file-list /tmp/alfie-diagnostics/build/Build/Intermediates.noindex/CinematicCoreMacOS.build/Debug/CinematicCoreExtension.build/Objects-normal/arm64/Morris.CinematicCoreMacOS.CinematicCoreExtension.SwiftFileList --metadata-file-list /tmp/alfie-diagnostics/build/Build/Intermediates.noindex/CinematicCoreMacOS.build/Debug/CinematicCoreExtension.build/Morris.CinematicCoreMacOS.CinematicCoreExtension.DependencyMetadataFileList --static-metadata-file-list /tmp/alfie-diagnostics/build/Build/Intermediates.noindex/CinematicCoreMacOS.build/Debug/CinematicCoreExtension.build/Morris.CinematicCoreMacOS.CinematicCoreExtension.DependencyStaticMetadataFileList --swift-const-vals-list /tmp/alfie-diagnostics/build/Build/Intermediates.noindex/CinematicCoreMacOS.build/Debug/CinematicCoreExtension.build/Objects-normal/arm64/Morris.CinematicCoreMacOS.CinematicCoreExtension.SwiftConstValuesFileList --compile-time-extraction --deployment-aware-processing --validate-assistant-intents --no-app-shortcuts-localization
2026-09-06 10:04:54.307 appintentsmetadataprocessor[16139:644233] Starting appintentsmetadataprocessor export
2026-09-06 10:04:54.309 appintentsmetadataprocessor[16139:644233] warning: Metadata extraction skipped. No AppIntents.framework dependency found.

SwiftExplicitDependencyGeneratePcm arm64 /tmp/alfie-diagnostics/build/Build/Intermediates.noindex/SwiftExplicitPrecompiledModules/XCUIAutomation-B9NFM3GLW6KOCQPPM6ANIQRCZ.pcm

RegisterExecutionPolicyException /tmp/alfie-diagnostics/build/Build/Products/Debug/Morris.CinematicCoreMacOS.CinematicCoreExtension.systemextension (in target 'CinematicCoreExtension' from project 'CinematicCoreMacOS')
    cd /Users/stephanmorris/Documents/macOS-rl-viritual-camera/CinematicCoreMacOS
    builtin-RegisterExecutionPolicyException /tmp/alfie-diagnostics/build/Build/Products/Debug/Morris.CinematicCoreMacOS.CinematicCoreExtension.systemextension

Touch /tmp/alfie-diagnostics/build/Build/Products/Debug/Morris.CinematicCoreMacOS.CinematicCoreExtension.systemextension (in target 'CinematicCoreExtension' from project 'CinematicCoreMacOS')
    cd /Users/stephanmorris/Documents/macOS-rl-viritual-camera/CinematicCoreMacOS
    /usr/bin/touch -c /tmp/alfie-diagnostics/build/Build/Products/Debug/Morris.CinematicCoreMacOS.CinematicCoreExtension.systemextension

Ld /tmp/alfie-diagnostics/build/Build/Products/Debug/Alfie.app/Contents/MacOS/__preview.dylib normal (in target 'CinematicCoreMacOS' from project 'CinematicCoreMacOS')
    cd /Users/stephanmorris/Documents/macOS-rl-viritual-camera/CinematicCoreMacOS
    /Applications/Xcode.app/Contents/Developer/Toolchains/XcodeDefault.xctoolchain/usr/bin/clang -Xlinker -reproducible -target arm64-apple-macos26.2 -dynamiclib -isysroot /Applications/Xcode.app/Contents/Developer/Platforms/MacOSX.platform/Developer/SDKs/MacOSX26.2.sdk -O0 -L/tmp/alfie-diagnostics/build/Build/Products/Debug -F/tmp/alfie-diagnostics/build/Build/Products/Debug -install_name @rpath/Alfie.debug.dylib -rdynamic -Xlinker -no_deduplicate -Xlinker -debug_variant -Xlinker -dependency_info -Xlinker /tmp/alfie-diagnostics/build/Build/Intermediates.noindex/CinematicCoreMacOS.build/Debug/CinematicCoreMacOS.build/Objects-normal/arm64/Alfie_dependency_info.dat -o /tmp/alfie-diagnostics/build/Build/Products/Debug/Alfie.app/Contents/MacOS/__preview.dylib

CpResource /tmp/alfie-diagnostics/build/Build/Products/Debug/Alfie.app/Contents/Resources/CinematicFraming.mlpackage /Users/stephanmorris/Documents/macOS-rl-viritual-camera/CinematicCoreMacOS/Models/CinematicFraming.mlpackage (in target 'CinematicCoreMacOS' from project 'CinematicCoreMacOS')
    cd /Users/stephanmorris/Documents/macOS-rl-viritual-camera/CinematicCoreMacOS
    builtin-copy -exclude .DS_Store -exclude CVS -exclude .svn -exclude .git -exclude .hg -resolve-src-symlinks /Users/stephanmorris/Documents/macOS-rl-viritual-camera/CinematicCoreMacOS/Models/CinematicFraming.mlpackage /tmp/alfie-diagnostics/build/Build/Products/Debug/Alfie.app/Contents/Resources

Copy /tmp/alfie-diagnostics/build/Build/Products/Debug/Alfie.app/Contents/Frameworks/libXCTestSwiftSupport.dylib /Applications/Xcode.app/Contents/Developer/Platforms/MacOSX.platform/Developer/usr/lib/libXCTestSwiftSupport.dylib (in target 'CinematicCoreMacOS' from project 'CinematicCoreMacOS')
    cd /Users/stephanmorris/Documents/macOS-rl-viritual-camera/CinematicCoreMacOS
    builtin-copy -exclude .DS_Store -exclude CVS -exclude .svn -exclude .git -exclude .hg -exclude Headers -exclude PrivateHeaders -exclude Modules -exclude \*.tbd -resolve-src-symlinks /Applications/Xcode.app/Contents/Developer/Platforms/MacOSX.platform/Developer/usr/lib/libXCTestSwiftSupport.dylib /tmp/alfie-diagnostics/build/Build/Products/Debug/Alfie.app/Contents/Frameworks

Copy /tmp/alfie-diagnostics/build/Build/Products/Debug/Alfie.app/Contents/Frameworks/libXCTestBundleInject.dylib /Applications/Xcode.app/Contents/Developer/Platforms/MacOSX.platform/Developer/usr/lib/libXCTestBundleInject.dylib (in target 'CinematicCoreMacOS' from project 'CinematicCoreMacOS')
    cd /Users/stephanmorris/Documents/macOS-rl-viritual-camera/CinematicCoreMacOS
    builtin-copy -exclude .DS_Store -exclude CVS -exclude .svn -exclude .git -exclude .hg -exclude Headers -exclude PrivateHeaders -exclude Modules -exclude \*.tbd -resolve-src-symlinks /Applications/Xcode.app/Contents/Developer/Platforms/MacOSX.platform/Developer/usr/lib/libXCTestBundleInject.dylib /tmp/alfie-diagnostics/build/Build/Products/Debug/Alfie.app/Contents/Frameworks

Copy /tmp/alfie-diagnostics/build/Build/Products/Debug/Alfie.app/Contents/Frameworks/XCUnit.framework /Applications/Xcode.app/Contents/Developer/Platforms/MacOSX.platform/Developer/Library/PrivateFrameworks/XCUnit.framework (in target 'CinematicCoreMacOS' from project 'CinematicCoreMacOS')
    cd /Users/stephanmorris/Documents/macOS-rl-viritual-camera/CinematicCoreMacOS
    builtin-copy -exclude .DS_Store -exclude CVS -exclude .svn -exclude .git -exclude .hg -exclude Headers -exclude PrivateHeaders -exclude Modules -exclude \*.tbd -resolve-src-symlinks /Applications/Xcode.app/Contents/Developer/Platforms/MacOSX.platform/Developer/Library/PrivateFrameworks/XCUnit.framework /tmp/alfie-diagnostics/build/Build/Products/Debug/Alfie.app/Contents/Frameworks

Copy /tmp/alfie-diagnostics/build/Build/Products/Debug/Alfie.app/Contents/Frameworks/XCUIAutomation.framework /Applications/Xcode.app/Contents/Developer/Platforms/MacOSX.platform/Developer/Library/Frameworks/XCUIAutomation.framework (in target 'CinematicCoreMacOS' from project 'CinematicCoreMacOS')
    cd /Users/stephanmorris/Documents/macOS-rl-viritual-camera/CinematicCoreMacOS
    builtin-copy -exclude .DS_Store -exclude CVS -exclude .svn -exclude .git -exclude .hg -exclude Headers -exclude PrivateHeaders -exclude Modules -exclude \*.tbd -resolve-src-symlinks /Applications/Xcode.app/Contents/Developer/Platforms/MacOSX.platform/Developer/Library/Frameworks/XCUIAutomation.framework /tmp/alfie-diagnostics/build/Build/Products/Debug/Alfie.app/Contents/Frameworks

Copy /tmp/alfie-diagnostics/build/Build/Products/Debug/Alfie.app/Contents/Frameworks/XCTestSupport.framework /Applications/Xcode.app/Contents/Developer/Platforms/MacOSX.platform/Developer/Library/PrivateFrameworks/XCTestSupport.framework (in target 'CinematicCoreMacOS' from project 'CinematicCoreMacOS')
    cd /Users/stephanmorris/Documents/macOS-rl-viritual-camera/CinematicCoreMacOS
    builtin-copy -exclude .DS_Store -exclude CVS -exclude .svn -exclude .git -exclude .hg -exclude Headers -exclude PrivateHeaders -exclude Modules -exclude \*.tbd -resolve-src-symlinks /Applications/Xcode.app/Contents/Developer/Platforms/MacOSX.platform/Developer/Library/PrivateFrameworks/XCTestSupport.framework /tmp/alfie-diagnostics/build/Build/Products/Debug/Alfie.app/Contents/Frameworks

Copy /tmp/alfie-diagnostics/build/Build/Products/Debug/Alfie.app/Contents/Frameworks/XCTestCore.framework /Applications/Xcode.app/Contents/Developer/Platforms/MacOSX.platform/Developer/Library/PrivateFrameworks/XCTestCore.framework (in target 'CinematicCoreMacOS' from project 'CinematicCoreMacOS')
    cd /Users/stephanmorris/Documents/macOS-rl-viritual-camera/CinematicCoreMacOS
    builtin-copy -exclude .DS_Store -exclude CVS -exclude .svn -exclude .git -exclude .hg -exclude Headers -exclude PrivateHeaders -exclude Modules -exclude \*.tbd -resolve-src-symlinks /Applications/Xcode.app/Contents/Developer/Platforms/MacOSX.platform/Developer/Library/PrivateFrameworks/XCTestCore.framework /tmp/alfie-diagnostics/build/Build/Products/Debug/Alfie.app/Contents/Frameworks

Copy /tmp/alfie-diagnostics/build/Build/Products/Debug/Alfie.app/Contents/Frameworks/XCTest.framework /Applications/Xcode.app/Contents/Developer/Platforms/MacOSX.platform/Developer/Library/Frameworks/XCTest.framework (in target 'CinematicCoreMacOS' from project 'CinematicCoreMacOS')
    cd /Users/stephanmorris/Documents/macOS-rl-viritual-camera/CinematicCoreMacOS
    builtin-copy -exclude .DS_Store -exclude CVS -exclude .svn -exclude .git -exclude .hg -exclude Headers -exclude PrivateHeaders -exclude Modules -exclude \*.tbd -resolve-src-symlinks /Applications/Xcode.app/Contents/Developer/Platforms/MacOSX.platform/Developer/Library/Frameworks/XCTest.framework /tmp/alfie-diagnostics/build/Build/Products/Debug/Alfie.app/Contents/Frameworks

Copy /tmp/alfie-diagnostics/build/Build/Products/Debug/Alfie.app/Contents/Frameworks/XCTAutomationSupport.framework /Applications/Xcode.app/Contents/Developer/Platforms/MacOSX.platform/Developer/Library/PrivateFrameworks/XCTAutomationSupport.framework (in target 'CinematicCoreMacOS' from project 'CinematicCoreMacOS')
    cd /Users/stephanmorris/Documents/macOS-rl-viritual-camera/CinematicCoreMacOS
    builtin-copy -exclude .DS_Store -exclude CVS -exclude .svn -exclude .git -exclude .hg -exclude Headers -exclude PrivateHeaders -exclude Modules -exclude \*.tbd -resolve-src-symlinks /Applications/Xcode.app/Contents/Developer/Platforms/MacOSX.platform/Developer/Library/PrivateFrameworks/XCTAutomationSupport.framework /tmp/alfie-diagnostics/build/Build/Products/Debug/Alfie.app/Contents/Frameworks

Copy /tmp/alfie-diagnostics/build/Build/Products/Debug/Alfie.app/Contents/Frameworks/Testing.framework /Applications/Xcode.app/Contents/Developer/Platforms/MacOSX.platform/Developer/Library/Frameworks/Testing.framework (in target 'CinematicCoreMacOS' from project 'CinematicCoreMacOS')
    cd /Users/stephanmorris/Documents/macOS-rl-viritual-camera/CinematicCoreMacOS
    builtin-copy -exclude .DS_Store -exclude CVS -exclude .svn -exclude .git -exclude .hg -exclude Headers -exclude PrivateHeaders -exclude Modules -exclude \*.tbd -resolve-src-symlinks /Applications/Xcode.app/Contents/Developer/Platforms/MacOSX.platform/Developer/Library/Frameworks/Testing.framework /tmp/alfie-diagnostics/build/Build/Products/Debug/Alfie.app/Contents/Frameworks

SwiftExplicitDependencyCompileModuleFromInterface arm64 /tmp/alfie-diagnostics/build/Build/Intermediates.noindex/SwiftExplicitPrecompiledModules/XCUIAutomation-32YTN8Y5WGQ9T.swiftmodule

SwiftExplicitDependencyGeneratePcm arm64 /tmp/alfie-diagnostics/build/Build/Intermediates.noindex/SwiftExplicitPrecompiledModules/XCTest-F0WP8QPFYBMYHRZ5HUWVBXY3U.pcm

SwiftExplicitDependencyCompileModuleFromInterface arm64 /tmp/alfie-diagnostics/build/Build/Intermediates.noindex/SwiftExplicitPrecompiledModules/Testing-3LZTIFHZ6F9CH.swiftmodule

SwiftExplicitDependencyCompileModuleFromInterface arm64 /tmp/alfie-diagnostics/build/Build/Intermediates.noindex/SwiftExplicitPrecompiledModules/XCTest-3U5E8WFEEUHII.swiftmodule

SwiftExplicitDependencyCompileModuleFromInterface arm64 /tmp/alfie-diagnostics/build/Build/Intermediates.noindex/SwiftExplicitPrecompiledModules/_Testing_Foundation-1O30ATM78E61O.swiftmodule

SwiftCompile normal arm64 Compiling\ LockedTrackMatcherTests.swift /Users/stephanmorris/Documents/macOS-rl-viritual-camera/CinematicCoreMacOS/CinematicCoreMacOSTests/LockedTrackMatcherTests.swift (in target 'CinematicCoreMacOSTests' from project 'CinematicCoreMacOS')

SwiftCompile normal arm64 /Users/stephanmorris/Documents/macOS-rl-viritual-camera/CinematicCoreMacOS/CinematicCoreMacOSTests/LockedTrackMatcherTests.swift (in target 'CinematicCoreMacOSTests' from project 'CinematicCoreMacOS')
    cd /Users/stephanmorris/Documents/macOS-rl-viritual-camera/CinematicCoreMacOS
    
@__swiftmacro_23CinematicCoreMacOSTests0034LockedTrackMatcherTestsswift_oeBCkfMX289_8_6expectfMf2_.swift:1:63: warning: main actor-isolated conformance of 'PersonDetector.LockProbation' to 'Equatable' cannot be used in nonisolated context; this is an error in the Swift 6 language mode
Testing.__checkBinaryOperation(emptyResolution.probation,{ $0 == $1() },establishedProbation,expression: .__fromBinaryOperation(.__fromSyntaxNode("emptyResolution.probation"),"==",.__fromSyntaxNode("establishedProbation")),comments: [],isRequired: false,sourceLocation: Testing.SourceLocation.__here()).__expected()
                                                              ^
/Users/stephanmorris/Documents/macOS-rl-viritual-camera/CinematicCoreMacOS/CinematicCoreMacOSTests/LockedTrackMatcherTests.swift:290:9: note: in expansion of macro 'expect' here
        #expect(emptyResolution.probation == establishedProbation)
        ^~~~~~~~~~~~~~~~~~~~~~~~~~~~~~~~~~~~~~~~~~~~~~~~~~~~~~~~~~
/Users/stephanmorris/Documents/macOS-rl-viritual-camera/CinematicCoreMacOS/CinematicCoreMacOSTests/LockedTrackMatcherTests.swift:290:9: note: in expansion of macro 'expect' here
        #expect(emptyResolution.probation == establishedProbation)
        ^~~~~~~~~~~~~~~~~~~~~~~~~~~~~~~~~~~~~~~~~~~~~~~~~~~~~~~~~~
@__swiftmacro_23CinematicCoreMacOSTests0034LockedTrackMatcherTestsswift_oeBCkfMX302_8_6expectfMf4_.swift:1:61: warning: main actor-isolated conformance of 'PersonDetector.LockProbation' to 'Equatable' cannot be used in nonisolated context; this is an error in the Swift 6 language mode
Testing.__checkBinaryOperation(farResolution.probation,{ $0 == $1() },establishedProbation,expression: .__fromBinaryOperation(.__fromSyntaxNode("farResolution.probation"),"==",.__fromSyntaxNode("establishedProbation")),comments: [],isRequired: false,sourceLocation: Testing.SourceLocation.__here()).__expected()
                                                            ^
/Users/stephanmorris/Documents/macOS-rl-viritual-camera/CinematicCoreMacOS/CinematicCoreMacOSTests/LockedTrackMatcherTests.swift:303:9: note: in expansion of macro 'expect' here
        #expect(farResolution.probation == establishedProbation)
        ^~~~~~~~~~~~~~~~~~~~~~~~~~~~~~~~~~~~~~~~~~~~~~~~~~~~~~~~
/Users/stephanmorris/Documents/macOS-rl-viritual-camera/CinematicCoreMacOS/CinematicCoreMacOSTests/LockedTrackMatcherTests.swift:303:9: note: in expansion of macro 'expect' here
        #expect(farResolution.probation == establishedProbation)
        ^~~~~~~~~~~~~~~~~~~~~~~~~~~~~~~~~~~~~~~~~~~~~~~~~~~~~~~~

SwiftEmitModule normal arm64 Emitting\ module\ for\ CinematicCoreMacOSTests (in target 'CinematicCoreMacOSTests' from project 'CinematicCoreMacOS')

EmitSwiftModule normal arm64 (in target 'CinematicCoreMacOSTests' from project 'CinematicCoreMacOS')
    cd /Users/stephanmorris/Documents/macOS-rl-viritual-camera/CinematicCoreMacOS
    

SwiftCompile normal arm64 Compiling\ CinematicCoreMacOSTests.swift /Users/stephanmorris/Documents/macOS-rl-viritual-camera/CinematicCoreMacOS/CinematicCoreMacOSTests/CinematicCoreMacOSTests.swift (in target 'CinematicCoreMacOSTests' from project 'CinematicCoreMacOS')

SwiftCompile normal arm64 /Users/stephanmorris/Documents/macOS-rl-viritual-camera/CinematicCoreMacOS/CinematicCoreMacOSTests/CinematicCoreMacOSTests.swift (in target 'CinematicCoreMacOSTests' from project 'CinematicCoreMacOS')
    cd /Users/stephanmorris/Documents/macOS-rl-viritual-camera/CinematicCoreMacOS
    

SwiftCompile normal arm64 Compiling\ CinematicCoreMacOSUITests.swift /Users/stephanmorris/Documents/macOS-rl-viritual-camera/CinematicCoreMacOS/CinematicCoreMacOSUITests/CinematicCoreMacOSUITests.swift (in target 'CinematicCoreMacOSUITests' from project 'CinematicCoreMacOS')

SwiftCompile normal arm64 /Users/stephanmorris/Documents/macOS-rl-viritual-camera/CinematicCoreMacOS/CinematicCoreMacOSUITests/CinematicCoreMacOSUITests.swift (in target 'CinematicCoreMacOSUITests' from project 'CinematicCoreMacOS')
    cd /Users/stephanmorris/Documents/macOS-rl-viritual-camera/CinematicCoreMacOS
    

SwiftEmitModule normal arm64 Emitting\ module\ for\ CinematicCoreMacOSUITests (in target 'CinematicCoreMacOSUITests' from project 'CinematicCoreMacOS')

EmitSwiftModule normal arm64 (in target 'CinematicCoreMacOSUITests' from project 'CinematicCoreMacOS')
    cd /Users/stephanmorris/Documents/macOS-rl-viritual-camera/CinematicCoreMacOS
    

SwiftCompile normal arm64 Compiling\ CinematicCoreMacOSUITestsLaunchTests.swift /Users/stephanmorris/Documents/macOS-rl-viritual-camera/CinematicCoreMacOS/CinematicCoreMacOSUITests/CinematicCoreMacOSUITestsLaunchTests.swift (in target 'CinematicCoreMacOSUITests' from project 'CinematicCoreMacOS')

SwiftCompile normal arm64 /Users/stephanmorris/Documents/macOS-rl-viritual-camera/CinematicCoreMacOS/CinematicCoreMacOSUITests/CinematicCoreMacOSUITestsLaunchTests.swift (in target 'CinematicCoreMacOSUITests' from project 'CinematicCoreMacOS')
    cd /Users/stephanmorris/Documents/macOS-rl-viritual-camera/CinematicCoreMacOS
    

SwiftDriverJobDiscovery normal arm64 Compiling DiagnosticsLog.swift, DisplayOutputSink.swift, FaceSignatureExtractor.swift (in target 'CinematicCoreMacOS' from project 'CinematicCoreMacOS')

SwiftDriverJobDiscovery normal arm64 Compiling RecorderSettingsView.swift, SettingsWindow.swift, ShotComposer.swift (in target 'CinematicCoreMacOS' from project 'CinematicCoreMacOS')

SwiftDriverJobDiscovery normal arm64 Emitting module for CinematicCoreMacOSUITests (in target 'CinematicCoreMacOSUITests' from project 'CinematicCoreMacOS')

SwiftDriver\ Compilation\ Requirements CinematicCoreMacOSUITests normal arm64 com.apple.xcode.tools.swift.compiler (in target 'CinematicCoreMacOSUITests' from project 'CinematicCoreMacOS')
    cd /Users/stephanmorris/Documents/macOS-rl-viritual-camera/CinematicCoreMacOS
    builtin-Swift-Compilation-Requirements -- /Applications/Xcode.app/Contents/Developer/Toolchains/XcodeDefault.xctoolchain/usr/bin/swiftc -module-name CinematicCoreMacOSUITests -Onone -enforce-exclusivity\=checked @/tmp/alfie-diagnostics/build/Build/Intermediates.noindex/CinematicCoreMacOS.build/Debug/CinematicCoreMacOSUITests.build/Objects-normal/arm64/CinematicCoreMacOSUITests.SwiftFileList -DDEBUG -module-alias Testing\=_Testing_Unavailable -plugin-path /Applications/Xcode.app/Contents/Developer/Toolchains/XcodeDefault.xctoolchain/usr/lib/swift/host/plugins/testing -enable-bare-slash-regex -enable-upcoming-feature DisableOutwardActorInference -enable-upcoming-feature InferSendableFromCaptures -enable-upcoming-feature GlobalActorIsolatedTypesUsability -enable-upcoming-feature MemberImportVisibility -enable-upcoming-feature InferIsolatedConformances -enable-upcoming-feature NonisolatedNonsendingByDefault -enable-experimental-feature DebugDescriptionMacro -sdk /Applications/Xcode.app/Contents/Developer/Platforms/MacOSX.platform/Developer/SDKs/MacOSX26.2.sdk -target arm64-apple-macos26.2 -g -module-cache-path /tmp/alfie-diagnostics/build/ModuleCache.noindex -Xfrontend -serialize-debugging-options -profile-coverage-mapping -profile-generate -enable-testing -index-store-path /tmp/alfie-diagnostics/build/Index.noindex/DataStore -Xcc -D_LIBCPP_HARDENING_MODE\=_LIBCPP_HARDENING_MODE_DEBUG -swift-version 5 -I /tmp/alfie-diagnostics/build/Build/Products/Debug -Isystem /Applications/Xcode.app/Contents/Developer/Platforms/MacOSX.platform/Developer/usr/lib -F /tmp/alfie-diagnostics/build/Build/Products/Debug -F /Applications/Xcode.app/Contents/Developer/Platforms/MacOSX.platform/Developer/Library/Frameworks -c -j12 -enable-batch-mode -incremental -Xcc -ivfsstatcache -Xcc /tmp/alfie-diagnostics/build/SDKStatCaches.noindex/macosx26.2-25C57-dc75598d0054f22ec865fa860f139d7200fa09913b459cbbc988d1f6730289ae.sdkstatcache -output-file-map /tmp/alfie-diagnostics/build/Build/Intermediates.noindex/CinematicCoreMacOS.build/Debug/CinematicCoreMacOSUITests.build/Objects-normal/arm64/CinematicCoreMacOSUITests-OutputFileMap.json -use-frontend-parseable-output -save-temps -no-color-diagnostics -explicit-module-build -module-cache-path /tmp/alfie-diagnostics/build/Build/Intermediates.noindex/SwiftExplicitPrecompiledModules -clang-scanner-module-cache-path /tmp/alfie-diagnostics/build/ModuleCache.noindex -sdk-module-cache-path /tmp/alfie-diagnostics/build/ModuleCache.noindex -serialize-diagnostics -emit-dependencies -emit-module -emit-module-path /tmp/alfie-diagnostics/build/Build/Intermediates.noindex/CinematicCoreMacOS.build/Debug/CinematicCoreMacOSUITests.build/Objects-normal/arm64/CinematicCoreMacOSUITests.swiftmodule -validate-clang-modules-once -clang-build-session-file /tmp/alfie-diagnostics/build/ModuleCache.noindex/Session.modulevalidation -Xcc -I/tmp/alfie-diagnostics/build/Build/Intermediates.noindex/CinematicCoreMacOS.build/Debug/CinematicCoreMacOSUITests.build/swift-overrides.hmap -emit-const-values -Xfrontend -const-gather-protocols-file -Xfrontend /tmp/alfie-diagnostics/build/Build/Intermediates.noindex/CinematicCoreMacOS.build/Debug/CinematicCoreMacOSUITests.build/Objects-normal/arm64/CinematicCoreMacOSUITests_const_extract_protocols.json -Xcc -iquote -Xcc /tmp/alfie-diagnostics/build/Build/Intermediates.noindex/CinematicCoreMacOS.build/Debug/CinematicCoreMacOSUITests.build/CinematicCoreMacOSUITests-generated-files.hmap -Xcc -I/tmp/alfie-diagnostics/build/Build/Intermediates.noindex/CinematicCoreMacOS.build/Debug/CinematicCoreMacOSUITests.build/CinematicCoreMacOSUITests-own-target-headers.hmap -Xcc -I/tmp/alfie-diagnostics/build/Build/Intermediates.noindex/CinematicCoreMacOS.build/Debug/CinematicCoreMacOSUITests.build/CinematicCoreMacOSUITests-all-target-headers.hmap -Xcc -iquote -Xcc /tmp/alfie-diagnostics/build/Build/Intermediates.noindex/CinematicCoreMacOS.build/Debug/CinematicCoreMacOSUITests.build/CinematicCoreMacOSUITests-project-headers.hmap -Xcc -I/tmp/alfie-diagnostics/build/Build/Products/Debug/include -Xcc -I/tmp/alfie-diagnostics/build/Build/Intermediates.noindex/CinematicCoreMacOS.build/Debug/CinematicCoreMacOSUITests.build/DerivedSources-normal/arm64 -Xcc -I/tmp/alfie-diagnostics/build/Build/Intermediates.noindex/CinematicCoreMacOS.build/Debug/CinematicCoreMacOSUITests.build/DerivedSources/arm64 -Xcc -I/tmp/alfie-diagnostics/build/Build/Intermediates.noindex/CinematicCoreMacOS.build/Debug/CinematicCoreMacOSUITests.build/DerivedSources -Xcc -DDEBUG\=1 -emit-objc-header -emit-objc-header-path /tmp/alfie-diagnostics/build/Build/Intermediates.noindex/CinematicCoreMacOS.build/Debug/CinematicCoreMacOSUITests.build/Objects-normal/arm64/CinematicCoreMacOSUITests-Swift.h -working-directory /Users/stephanmorris/Documents/macOS-rl-viritual-camera/CinematicCoreMacOS -experimental-emit-module-separately -disable-cmo

SwiftMergeGeneratedHeaders /tmp/alfie-diagnostics/build/Build/Intermediates.noindex/CinematicCoreMacOS.build/Debug/CinematicCoreMacOSUITests.build/DerivedSources/CinematicCoreMacOSUITests-Swift.h /tmp/alfie-diagnostics/build/Build/Intermediates.noindex/CinematicCoreMacOS.build/Debug/CinematicCoreMacOSUITests.build/Objects-normal/arm64/CinematicCoreMacOSUITests-Swift.h (in target 'CinematicCoreMacOSUITests' from project 'CinematicCoreMacOS')
    cd /Users/stephanmorris/Documents/macOS-rl-viritual-camera/CinematicCoreMacOS
    builtin-swiftHeaderTool -arch arm64 /tmp/alfie-diagnostics/build/Build/Intermediates.noindex/CinematicCoreMacOS.build/Debug/CinematicCoreMacOSUITests.build/Objects-normal/arm64/CinematicCoreMacOSUITests-Swift.h -o /tmp/alfie-diagnostics/build/Build/Intermediates.noindex/CinematicCoreMacOS.build/Debug/CinematicCoreMacOSUITests.build/DerivedSources/CinematicCoreMacOSUITests-Swift.h

Copy /tmp/alfie-diagnostics/build/Build/Products/Debug/CinematicCoreMacOSUITests.swiftmodule/arm64-apple-macos.abi.json /tmp/alfie-diagnostics/build/Build/Intermediates.noindex/CinematicCoreMacOS.build/Debug/CinematicCoreMacOSUITests.build/Objects-normal/arm64/CinematicCoreMacOSUITests.abi.json (in target 'CinematicCoreMacOSUITests' from project 'CinematicCoreMacOS')
    cd /Users/stephanmorris/Documents/macOS-rl-viritual-camera/CinematicCoreMacOS
    builtin-copy -exclude .DS_Store -exclude CVS -exclude .svn -exclude .git -exclude .hg -resolve-src-symlinks -rename /tmp/alfie-diagnostics/build/Build/Intermediates.noindex/CinematicCoreMacOS.build/Debug/CinematicCoreMacOSUITests.build/Objects-normal/arm64/CinematicCoreMacOSUITests.abi.json /tmp/alfie-diagnostics/build/Build/Products/Debug/CinematicCoreMacOSUITests.swiftmodule/arm64-apple-macos.abi.json

Copy /tmp/alfie-diagnostics/build/Build/Products/Debug/CinematicCoreMacOSUITests.swiftmodule/arm64-apple-macos.swiftmodule /tmp/alfie-diagnostics/build/Build/Intermediates.noindex/CinematicCoreMacOS.build/Debug/CinematicCoreMacOSUITests.build/Objects-normal/arm64/CinematicCoreMacOSUITests.swiftmodule (in target 'CinematicCoreMacOSUITests' from project 'CinematicCoreMacOS')
    cd /Users/stephanmorris/Documents/macOS-rl-viritual-camera/CinematicCoreMacOS
    builtin-copy -exclude .DS_Store -exclude CVS -exclude .svn -exclude .git -exclude .hg -resolve-src-symlinks -rename /tmp/alfie-diagnostics/build/Build/Intermediates.noindex/CinematicCoreMacOS.build/Debug/CinematicCoreMacOSUITests.build/Objects-normal/arm64/CinematicCoreMacOSUITests.swiftmodule /tmp/alfie-diagnostics/build/Build/Products/Debug/CinematicCoreMacOSUITests.swiftmodule/arm64-apple-macos.swiftmodule

Copy /tmp/alfie-diagnostics/build/Build/Products/Debug/CinematicCoreMacOSUITests.swiftmodule/arm64-apple-macos.swiftdoc /tmp/alfie-diagnostics/build/Build/Intermediates.noindex/CinematicCoreMacOS.build/Debug/CinematicCoreMacOSUITests.build/Objects-normal/arm64/CinematicCoreMacOSUITests.swiftdoc (in target 'CinematicCoreMacOSUITests' from project 'CinematicCoreMacOS')
    cd /Users/stephanmorris/Documents/macOS-rl-viritual-camera/CinematicCoreMacOS
    builtin-copy -exclude .DS_Store -exclude CVS -exclude .svn -exclude .git -exclude .hg -resolve-src-symlinks -rename /tmp/alfie-diagnostics/build/Build/Intermediates.noindex/CinematicCoreMacOS.build/Debug/CinematicCoreMacOSUITests.build/Objects-normal/arm64/CinematicCoreMacOSUITests.swiftdoc /tmp/alfie-diagnostics/build/Build/Products/Debug/CinematicCoreMacOSUITests.swiftmodule/arm64-apple-macos.swiftdoc

Copy /tmp/alfie-diagnostics/build/Build/Products/Debug/CinematicCoreMacOSUITests.swiftmodule/Project/arm64-apple-macos.swiftsourceinfo /tmp/alfie-diagnostics/build/Build/Intermediates.noindex/CinematicCoreMacOS.build/Debug/CinematicCoreMacOSUITests.build/Objects-normal/arm64/CinematicCoreMacOSUITests.swiftsourceinfo (in target 'CinematicCoreMacOSUITests' from project 'CinematicCoreMacOS')
    cd /Users/stephanmorris/Documents/macOS-rl-viritual-camera/CinematicCoreMacOS
    builtin-copy -exclude .DS_Store -exclude CVS -exclude .svn -exclude .git -exclude .hg -resolve-src-symlinks -rename /tmp/alfie-diagnostics/build/Build/Intermediates.noindex/CinematicCoreMacOS.build/Debug/CinematicCoreMacOSUITests.build/Objects-normal/arm64/CinematicCoreMacOSUITests.swiftsourceinfo /tmp/alfie-diagnostics/build/Build/Products/Debug/CinematicCoreMacOSUITests.swiftmodule/Project/arm64-apple-macos.swiftsourceinfo

SwiftDriverJobDiscovery normal arm64 Compiling PersonDetector.swift, PixelBufferPreviewView.swift, ProgramOutputManager.swift (in target 'CinematicCoreMacOS' from project 'CinematicCoreMacOS')

SwiftDriverJobDiscovery normal arm64 Emitting module for CinematicCoreMacOSTests (in target 'CinematicCoreMacOSTests' from project 'CinematicCoreMacOS')

SwiftDriver\ Compilation\ Requirements CinematicCoreMacOSTests normal arm64 com.apple.xcode.tools.swift.compiler (in target 'CinematicCoreMacOSTests' from project 'CinematicCoreMacOS')
    cd /Users/stephanmorris/Documents/macOS-rl-viritual-camera/CinematicCoreMacOS
    builtin-Swift-Compilation-Requirements -- /Applications/Xcode.app/Contents/Developer/Toolchains/XcodeDefault.xctoolchain/usr/bin/swiftc -module-name CinematicCoreMacOSTests -Onone -enforce-exclusivity\=checked @/tmp/alfie-diagnostics/build/Build/Intermediates.noindex/CinematicCoreMacOS.build/Debug/CinematicCoreMacOSTests.build/Objects-normal/arm64/CinematicCoreMacOSTests.SwiftFileList -DDEBUG -plugin-path /Applications/Xcode.app/Contents/Developer/Toolchains/XcodeDefault.xctoolchain/usr/lib/swift/host/plugins/testing -enable-bare-slash-regex -enable-upcoming-feature DisableOutwardActorInference -enable-upcoming-feature InferSendableFromCaptures -enable-upcoming-feature GlobalActorIsolatedTypesUsability -enable-upcoming-feature MemberImportVisibility -enable-upcoming-feature InferIsolatedConformances -enable-upcoming-feature NonisolatedNonsendingByDefault -enable-experimental-feature DebugDescriptionMacro -sdk /Applications/Xcode.app/Contents/Developer/Platforms/MacOSX.platform/Developer/SDKs/MacOSX26.2.sdk -target arm64-apple-macos26.2 -g -module-cache-path /tmp/alfie-diagnostics/build/ModuleCache.noindex -Xfrontend -serialize-debugging-options -profile-coverage-mapping -profile-generate -enable-testing -index-store-path /tmp/alfie-diagnostics/build/Index.noindex/DataStore -Xcc -D_LIBCPP_HARDENING_MODE\=_LIBCPP_HARDENING_MODE_DEBUG -swift-version 5 -I /tmp/alfie-diagnostics/build/Build/Products/Debug -Isystem /Applications/Xcode.app/Contents/Developer/Platforms/MacOSX.platform/Developer/usr/lib -F /tmp/alfie-diagnostics/build/Build/Products/Debug -F /Applications/Xcode.app/Contents/Developer/Platforms/MacOSX.platform/Developer/Library/Frameworks -c -j12 -enable-batch-mode -incremental -Xcc -ivfsstatcache -Xcc /tmp/alfie-diagnostics/build/SDKStatCaches.noindex/macosx26.2-25C57-dc75598d0054f22ec865fa860f139d7200fa09913b459cbbc988d1f6730289ae.sdkstatcache -output-file-map /tmp/alfie-diagnostics/build/Build/Intermediates.noindex/CinematicCoreMacOS.build/Debug/CinematicCoreMacOSTests.build/Objects-normal/arm64/CinematicCoreMacOSTests-OutputFileMap.json -use-frontend-parseable-output -save-temps -no-color-diagnostics -explicit-module-build -module-cache-path /tmp/alfie-diagnostics/build/Build/Intermediates.noindex/SwiftExplicitPrecompiledModules -clang-scanner-module-cache-path /tmp/alfie-diagnostics/build/ModuleCache.noindex -sdk-module-cache-path /tmp/alfie-diagnostics/build/ModuleCache.noindex -serialize-diagnostics -emit-dependencies -emit-module -emit-module-path /tmp/alfie-diagnostics/build/Build/Intermediates.noindex/CinematicCoreMacOS.build/Debug/CinematicCoreMacOSTests.build/Objects-normal/arm64/CinematicCoreMacOSTests.swiftmodule -validate-clang-modules-once -clang-build-session-file /tmp/alfie-diagnostics/build/ModuleCache.noindex/Session.modulevalidation -Xcc -I/tmp/alfie-diagnostics/build/Build/Intermediates.noindex/CinematicCoreMacOS.build/Debug/CinematicCoreMacOSTests.build/swift-overrides.hmap -emit-const-values -Xfrontend -const-gather-protocols-file -Xfrontend /tmp/alfie-diagnostics/build/Build/Intermediates.noindex/CinematicCoreMacOS.build/Debug/CinematicCoreMacOSTests.build/Objects-normal/arm64/CinematicCoreMacOSTests_const_extract_protocols.json -Xcc -iquote -Xcc /tmp/alfie-diagnostics/build/Build/Intermediates.noindex/CinematicCoreMacOS.build/Debug/CinematicCoreMacOSTests.build/CinematicCoreMacOSTests-generated-files.hmap -Xcc -I/tmp/alfie-diagnostics/build/Build/Intermediates.noindex/CinematicCoreMacOS.build/Debug/CinematicCoreMacOSTests.build/CinematicCoreMacOSTests-own-target-headers.hmap -Xcc -I/tmp/alfie-diagnostics/build/Build/Intermediates.noindex/CinematicCoreMacOS.build/Debug/CinematicCoreMacOSTests.build/CinematicCoreMacOSTests-all-target-headers.hmap -Xcc -iquote -Xcc /tmp/alfie-diagnostics/build/Build/Intermediates.noindex/CinematicCoreMacOS.build/Debug/CinematicCoreMacOSTests.build/CinematicCoreMacOSTests-project-headers.hmap -Xcc -I/tmp/alfie-diagnostics/build/Build/Products/Debug/include -Xcc -I/tmp/alfie-diagnostics/build/Build/Intermediates.noindex/CinematicCoreMacOS.build/Debug/CinematicCoreMacOSTests.build/DerivedSources-normal/arm64 -Xcc -I/tmp/alfie-diagnostics/build/Build/Intermediates.noindex/CinematicCoreMacOS.build/Debug/CinematicCoreMacOSTests.build/DerivedSources/arm64 -Xcc -I/tmp/alfie-diagnostics/build/Build/Intermediates.noindex/CinematicCoreMacOS.build/Debug/CinematicCoreMacOSTests.build/DerivedSources -Xcc -DDEBUG\=1 -emit-objc-header -emit-objc-header-path /tmp/alfie-diagnostics/build/Build/Intermediates.noindex/CinematicCoreMacOS.build/Debug/CinematicCoreMacOSTests.build/Objects-normal/arm64/CinematicCoreMacOSTests-Swift.h -working-directory /Users/stephanmorris/Documents/macOS-rl-viritual-camera/CinematicCoreMacOS -experimental-emit-module-separately -disable-cmo

Copy /tmp/alfie-diagnostics/build/Build/Products/Debug/CinematicCoreMacOSTests.swiftmodule/arm64-apple-macos.abi.json /tmp/alfie-diagnostics/build/Build/Intermediates.noindex/CinematicCoreMacOS.build/Debug/CinematicCoreMacOSTests.build/Objects-normal/arm64/CinematicCoreMacOSTests.abi.json (in target 'CinematicCoreMacOSTests' from project 'CinematicCoreMacOS')
    cd /Users/stephanmorris/Documents/macOS-rl-viritual-camera/CinematicCoreMacOS
    builtin-copy -exclude .DS_Store -exclude CVS -exclude .svn -exclude .git -exclude .hg -resolve-src-symlinks -rename /tmp/alfie-diagnostics/build/Build/Intermediates.noindex/CinematicCoreMacOS.build/Debug/CinematicCoreMacOSTests.build/Objects-normal/arm64/CinematicCoreMacOSTests.abi.json /tmp/alfie-diagnostics/build/Build/Products/Debug/CinematicCoreMacOSTests.swiftmodule/arm64-apple-macos.abi.json

Copy /tmp/alfie-diagnostics/build/Build/Products/Debug/CinematicCoreMacOSTests.swiftmodule/arm64-apple-macos.swiftdoc /tmp/alfie-diagnostics/build/Build/Intermediates.noindex/CinematicCoreMacOS.build/Debug/CinematicCoreMacOSTests.build/Objects-normal/arm64/CinematicCoreMacOSTests.swiftdoc (in target 'CinematicCoreMacOSTests' from project 'CinematicCoreMacOS')
    cd /Users/stephanmorris/Documents/macOS-rl-viritual-camera/CinematicCoreMacOS
    builtin-copy -exclude .DS_Store -exclude CVS -exclude .svn -exclude .git -exclude .hg -resolve-src-symlinks -rename /tmp/alfie-diagnostics/build/Build/Intermediates.noindex/CinematicCoreMacOS.build/Debug/CinematicCoreMacOSTests.build/Objects-normal/arm64/CinematicCoreMacOSTests.swiftdoc /tmp/alfie-diagnostics/build/Build/Products/Debug/CinematicCoreMacOSTests.swiftmodule/arm64-apple-macos.swiftdoc

Copy /tmp/alfie-diagnostics/build/Build/Products/Debug/CinematicCoreMacOSTests.swiftmodule/arm64-apple-macos.swiftmodule /tmp/alfie-diagnostics/build/Build/Intermediates.noindex/CinematicCoreMacOS.build/Debug/CinematicCoreMacOSTests.build/Objects-normal/arm64/CinematicCoreMacOSTests.swiftmodule (in target 'CinematicCoreMacOSTests' from project 'CinematicCoreMacOS')
    cd /Users/stephanmorris/Documents/macOS-rl-viritual-camera/CinematicCoreMacOS
    builtin-copy -exclude .DS_Store -exclude CVS -exclude .svn -exclude .git -exclude .hg -resolve-src-symlinks -rename /tmp/alfie-diagnostics/build/Build/Intermediates.noindex/CinematicCoreMacOS.build/Debug/CinematicCoreMacOSTests.build/Objects-normal/arm64/CinematicCoreMacOSTests.swiftmodule /tmp/alfie-diagnostics/build/Build/Products/Debug/CinematicCoreMacOSTests.swiftmodule/arm64-apple-macos.swiftmodule

SwiftMergeGeneratedHeaders /tmp/alfie-diagnostics/build/Build/Intermediates.noindex/CinematicCoreMacOS.build/Debug/CinematicCoreMacOSTests.build/DerivedSources/CinematicCoreMacOSTests-Swift.h /tmp/alfie-diagnostics/build/Build/Intermediates.noindex/CinematicCoreMacOS.build/Debug/CinematicCoreMacOSTests.build/Objects-normal/arm64/CinematicCoreMacOSTests-Swift.h (in target 'CinematicCoreMacOSTests' from project 'CinematicCoreMacOS')
    cd /Users/stephanmorris/Documents/macOS-rl-viritual-camera/CinematicCoreMacOS
    builtin-swiftHeaderTool -arch arm64 /tmp/alfie-diagnostics/build/Build/Intermediates.noindex/CinematicCoreMacOS.build/Debug/CinematicCoreMacOSTests.build/Objects-normal/arm64/CinematicCoreMacOSTests-Swift.h -o /tmp/alfie-diagnostics/build/Build/Intermediates.noindex/CinematicCoreMacOS.build/Debug/CinematicCoreMacOSTests.build/DerivedSources/CinematicCoreMacOSTests-Swift.h

Copy /tmp/alfie-diagnostics/build/Build/Products/Debug/CinematicCoreMacOSTests.swiftmodule/Project/arm64-apple-macos.swiftsourceinfo /tmp/alfie-diagnostics/build/Build/Intermediates.noindex/CinematicCoreMacOS.build/Debug/CinematicCoreMacOSTests.build/Objects-normal/arm64/CinematicCoreMacOSTests.swiftsourceinfo (in target 'CinematicCoreMacOSTests' from project 'CinematicCoreMacOS')
    cd /Users/stephanmorris/Documents/macOS-rl-viritual-camera/CinematicCoreMacOS
    builtin-copy -exclude .DS_Store -exclude CVS -exclude .svn -exclude .git -exclude .hg -resolve-src-symlinks -rename /tmp/alfie-diagnostics/build/Build/Intermediates.noindex/CinematicCoreMacOS.build/Debug/CinematicCoreMacOSTests.build/Objects-normal/arm64/CinematicCoreMacOSTests.swiftsourceinfo /tmp/alfie-diagnostics/build/Build/Products/Debug/CinematicCoreMacOSTests.swiftmodule/Project/arm64-apple-macos.swiftsourceinfo

SwiftDriverJobDiscovery normal arm64 Compiling CinematicCoreMacOSUITestsLaunchTests.swift (in target 'CinematicCoreMacOSUITests' from project 'CinematicCoreMacOS')

SwiftDriverJobDiscovery normal arm64 Compiling CinematicCoreMacOSUITests.swift (in target 'CinematicCoreMacOSUITests' from project 'CinematicCoreMacOS')

SwiftDriver\ Compilation CinematicCoreMacOSUITests normal arm64 com.apple.xcode.tools.swift.compiler (in target 'CinematicCoreMacOSUITests' from project 'CinematicCoreMacOS')
    cd /Users/stephanmorris/Documents/macOS-rl-viritual-camera/CinematicCoreMacOS
    builtin-Swift-Compilation -- /Applications/Xcode.app/Contents/Developer/Toolchains/XcodeDefault.xctoolchain/usr/bin/swiftc -module-name CinematicCoreMacOSUITests -Onone -enforce-exclusivity\=checked @/tmp/alfie-diagnostics/build/Build/Intermediates.noindex/CinematicCoreMacOS.build/Debug/CinematicCoreMacOSUITests.build/Objects-normal/arm64/CinematicCoreMacOSUITests.SwiftFileList -DDEBUG -module-alias Testing\=_Testing_Unavailable -plugin-path /Applications/Xcode.app/Contents/Developer/Toolchains/XcodeDefault.xctoolchain/usr/lib/swift/host/plugins/testing -enable-bare-slash-regex -enable-upcoming-feature DisableOutwardActorInference -enable-upcoming-feature InferSendableFromCaptures -enable-upcoming-feature GlobalActorIsolatedTypesUsability -enable-upcoming-feature MemberImportVisibility -enable-upcoming-feature InferIsolatedConformances -enable-upcoming-feature NonisolatedNonsendingByDefault -enable-experimental-feature DebugDescriptionMacro -sdk /Applications/Xcode.app/Contents/Developer/Platforms/MacOSX.platform/Developer/SDKs/MacOSX26.2.sdk -target arm64-apple-macos26.2 -g -module-cache-path /tmp/alfie-diagnostics/build/ModuleCache.noindex -Xfrontend -serialize-debugging-options -profile-coverage-mapping -profile-generate -enable-testing -index-store-path /tmp/alfie-diagnostics/build/Index.noindex/DataStore -Xcc -D_LIBCPP_HARDENING_MODE\=_LIBCPP_HARDENING_MODE_DEBUG -swift-version 5 -I /tmp/alfie-diagnostics/build/Build/Products/Debug -Isystem /Applications/Xcode.app/Contents/Developer/Platforms/MacOSX.platform/Developer/usr/lib -F /tmp/alfie-diagnostics/build/Build/Products/Debug -F /Applications/Xcode.app/Contents/Developer/Platforms/MacOSX.platform/Developer/Library/Frameworks -c -j12 -enable-batch-mode -incremental -Xcc -ivfsstatcache -Xcc /tmp/alfie-diagnostics/build/SDKStatCaches.noindex/macosx26.2-25C57-dc75598d0054f22ec865fa860f139d7200fa09913b459cbbc988d1f6730289ae.sdkstatcache -output-file-map /tmp/alfie-diagnostics/build/Build/Intermediates.noindex/CinematicCoreMacOS.build/Debug/CinematicCoreMacOSUITests.build/Objects-normal/arm64/CinematicCoreMacOSUITests-OutputFileMap.json -use-frontend-parseable-output -save-temps -no-color-diagnostics -explicit-module-build -module-cache-path /tmp/alfie-diagnostics/build/Build/Intermediates.noindex/SwiftExplicitPrecompiledModules -clang-scanner-module-cache-path /tmp/alfie-diagnostics/build/ModuleCache.noindex -sdk-module-cache-path /tmp/alfie-diagnostics/build/ModuleCache.noindex -serialize-diagnostics -emit-dependencies -emit-module -emit-module-path /tmp/alfie-diagnostics/build/Build/Intermediates.noindex/CinematicCoreMacOS.build/Debug/CinematicCoreMacOSUITests.build/Objects-normal/arm64/CinematicCoreMacOSUITests.swiftmodule -validate-clang-modules-once -clang-build-session-file /tmp/alfie-diagnostics/build/ModuleCache.noindex/Session.modulevalidation -Xcc -I/tmp/alfie-diagnostics/build/Build/Intermediates.noindex/CinematicCoreMacOS.build/Debug/CinematicCoreMacOSUITests.build/swift-overrides.hmap -emit-const-values -Xfrontend -const-gather-protocols-file -Xfrontend /tmp/alfie-diagnostics/build/Build/Intermediates.noindex/CinematicCoreMacOS.build/Debug/CinematicCoreMacOSUITests.build/Objects-normal/arm64/CinematicCoreMacOSUITests_const_extract_protocols.json -Xcc -iquote -Xcc /tmp/alfie-diagnostics/build/Build/Intermediates.noindex/CinematicCoreMacOS.build/Debug/CinematicCoreMacOSUITests.build/CinematicCoreMacOSUITests-generated-files.hmap -Xcc -I/tmp/alfie-diagnostics/build/Build/Intermediates.noindex/CinematicCoreMacOS.build/Debug/CinematicCoreMacOSUITests.build/CinematicCoreMacOSUITests-own-target-headers.hmap -Xcc -I/tmp/alfie-diagnostics/build/Build/Intermediates.noindex/CinematicCoreMacOS.build/Debug/CinematicCoreMacOSUITests.build/CinematicCoreMacOSUITests-all-target-headers.hmap -Xcc -iquote -Xcc /tmp/alfie-diagnostics/build/Build/Intermediates.noindex/CinematicCoreMacOS.build/Debug/CinematicCoreMacOSUITests.build/CinematicCoreMacOSUITests-project-headers.hmap -Xcc -I/tmp/alfie-diagnostics/build/Build/Products/Debug/include -Xcc -I/tmp/alfie-diagnostics/build/Build/Intermediates.noindex/CinematicCoreMacOS.build/Debug/CinematicCoreMacOSUITests.build/DerivedSources-normal/arm64 -Xcc -I/tmp/alfie-diagnostics/build/Build/Intermediates.noindex/CinematicCoreMacOS.build/Debug/CinematicCoreMacOSUITests.build/DerivedSources/arm64 -Xcc -I/tmp/alfie-diagnostics/build/Build/Intermediates.noindex/CinematicCoreMacOS.build/Debug/CinematicCoreMacOSUITests.build/DerivedSources -Xcc -DDEBUG\=1 -emit-objc-header -emit-objc-header-path /tmp/alfie-diagnostics/build/Build/Intermediates.noindex/CinematicCoreMacOS.build/Debug/CinematicCoreMacOSUITests.build/Objects-normal/arm64/CinematicCoreMacOSUITests-Swift.h -working-directory /Users/stephanmorris/Documents/macOS-rl-viritual-camera/CinematicCoreMacOS -experimental-emit-module-separately -disable-cmo

SwiftDriverJobDiscovery normal arm64 Compiling CinematicCoreMacOSTests.swift (in target 'CinematicCoreMacOSTests' from project 'CinematicCoreMacOS')

SwiftDriverJobDiscovery normal arm64 Compiling InspectorDrawer.swift, OperatorPill.swift, OverlayLayer.swift (in target 'CinematicCoreMacOS' from project 'CinematicCoreMacOS')

SwiftDriverJobDiscovery normal arm64 Compiling LockedTrackMatcherTests.swift (in target 'CinematicCoreMacOSTests' from project 'CinematicCoreMacOS')

SwiftDriver\ Compilation CinematicCoreMacOSTests normal arm64 com.apple.xcode.tools.swift.compiler (in target 'CinematicCoreMacOSTests' from project 'CinematicCoreMacOS')
    cd /Users/stephanmorris/Documents/macOS-rl-viritual-camera/CinematicCoreMacOS
    builtin-Swift-Compilation -- /Applications/Xcode.app/Contents/Developer/Toolchains/XcodeDefault.xctoolchain/usr/bin/swiftc -module-name CinematicCoreMacOSTests -Onone -enforce-exclusivity\=checked @/tmp/alfie-diagnostics/build/Build/Intermediates.noindex/CinematicCoreMacOS.build/Debug/CinematicCoreMacOSTests.build/Objects-normal/arm64/CinematicCoreMacOSTests.SwiftFileList -DDEBUG -plugin-path /Applications/Xcode.app/Contents/Developer/Toolchains/XcodeDefault.xctoolchain/usr/lib/swift/host/plugins/testing -enable-bare-slash-regex -enable-upcoming-feature DisableOutwardActorInference -enable-upcoming-feature InferSendableFromCaptures -enable-upcoming-feature GlobalActorIsolatedTypesUsability -enable-upcoming-feature MemberImportVisibility -enable-upcoming-feature InferIsolatedConformances -enable-upcoming-feature NonisolatedNonsendingByDefault -enable-experimental-feature DebugDescriptionMacro -sdk /Applications/Xcode.app/Contents/Developer/Platforms/MacOSX.platform/Developer/SDKs/MacOSX26.2.sdk -target arm64-apple-macos26.2 -g -module-cache-path /tmp/alfie-diagnostics/build/ModuleCache.noindex -Xfrontend -serialize-debugging-options -profile-coverage-mapping -profile-generate -enable-testing -index-store-path /tmp/alfie-diagnostics/build/Index.noindex/DataStore -Xcc -D_LIBCPP_HARDENING_MODE\=_LIBCPP_HARDENING_MODE_DEBUG -swift-version 5 -I /tmp/alfie-diagnostics/build/Build/Products/Debug -Isystem /Applications/Xcode.app/Contents/Developer/Platforms/MacOSX.platform/Developer/usr/lib -F /tmp/alfie-diagnostics/build/Build/Products/Debug -F /Applications/Xcode.app/Contents/Developer/Platforms/MacOSX.platform/Developer/Library/Frameworks -c -j12 -enable-batch-mode -incremental -Xcc -ivfsstatcache -Xcc /tmp/alfie-diagnostics/build/SDKStatCaches.noindex/macosx26.2-25C57-dc75598d0054f22ec865fa860f139d7200fa09913b459cbbc988d1f6730289ae.sdkstatcache -output-file-map /tmp/alfie-diagnostics/build/Build/Intermediates.noindex/CinematicCoreMacOS.build/Debug/CinematicCoreMacOSTests.build/Objects-normal/arm64/CinematicCoreMacOSTests-OutputFileMap.json -use-frontend-parseable-output -save-temps -no-color-diagnostics -explicit-module-build -module-cache-path /tmp/alfie-diagnostics/build/Build/Intermediates.noindex/SwiftExplicitPrecompiledModules -clang-scanner-module-cache-path /tmp/alfie-diagnostics/build/ModuleCache.noindex -sdk-module-cache-path /tmp/alfie-diagnostics/build/ModuleCache.noindex -serialize-diagnostics -emit-dependencies -emit-module -emit-module-path /tmp/alfie-diagnostics/build/Build/Intermediates.noindex/CinematicCoreMacOS.build/Debug/CinematicCoreMacOSTests.build/Objects-normal/arm64/CinematicCoreMacOSTests.swiftmodule -validate-clang-modules-once -clang-build-session-file /tmp/alfie-diagnostics/build/ModuleCache.noindex/Session.modulevalidation -Xcc -I/tmp/alfie-diagnostics/build/Build/Intermediates.noindex/CinematicCoreMacOS.build/Debug/CinematicCoreMacOSTests.build/swift-overrides.hmap -emit-const-values -Xfrontend -const-gather-protocols-file -Xfrontend /tmp/alfie-diagnostics/build/Build/Intermediates.noindex/CinematicCoreMacOS.build/Debug/CinematicCoreMacOSTests.build/Objects-normal/arm64/CinematicCoreMacOSTests_const_extract_protocols.json -Xcc -iquote -Xcc /tmp/alfie-diagnostics/build/Build/Intermediates.noindex/CinematicCoreMacOS.build/Debug/CinematicCoreMacOSTests.build/CinematicCoreMacOSTests-generated-files.hmap -Xcc -I/tmp/alfie-diagnostics/build/Build/Intermediates.noindex/CinematicCoreMacOS.build/Debug/CinematicCoreMacOSTests.build/CinematicCoreMacOSTests-own-target-headers.hmap -Xcc -I/tmp/alfie-diagnostics/build/Build/Intermediates.noindex/CinematicCoreMacOS.build/Debug/CinematicCoreMacOSTests.build/CinematicCoreMacOSTests-all-target-headers.hmap -Xcc -iquote -Xcc /tmp/alfie-diagnostics/build/Build/Intermediates.noindex/CinematicCoreMacOS.build/Debug/CinematicCoreMacOSTests.build/CinematicCoreMacOSTests-project-headers.hmap -Xcc -I/tmp/alfie-diagnostics/build/Build/Products/Debug/include -Xcc -I/tmp/alfie-diagnostics/build/Build/Intermediates.noindex/CinematicCoreMacOS.build/Debug/CinematicCoreMacOSTests.build/DerivedSources-normal/arm64 -Xcc -I/tmp/alfie-diagnostics/build/Build/Intermediates.noindex/CinematicCoreMacOS.build/Debug/CinematicCoreMacOSTests.build/DerivedSources/arm64 -Xcc -I/tmp/alfie-diagnostics/build/Build/Intermediates.noindex/CinematicCoreMacOS.build/Debug/CinematicCoreMacOSTests.build/DerivedSources -Xcc -DDEBUG\=1 -emit-objc-header -emit-objc-header-path /tmp/alfie-diagnostics/build/Build/Intermediates.noindex/CinematicCoreMacOS.build/Debug/CinematicCoreMacOSTests.build/Objects-normal/arm64/CinematicCoreMacOSTests-Swift.h -working-directory /Users/stephanmorris/Documents/macOS-rl-viritual-camera/CinematicCoreMacOS -experimental-emit-module-separately -disable-cmo

SwiftDriverJobDiscovery normal arm64 Compiling CameraManager.swift, CameraPreviewView.swift, CinematicAgent.swift (in target 'CinematicCoreMacOS' from project 'CinematicCoreMacOS')

SwiftDriver\ Compilation CinematicCoreMacOS normal arm64 com.apple.xcode.tools.swift.compiler (in target 'CinematicCoreMacOS' from project 'CinematicCoreMacOS')
    cd /Users/stephanmorris/Documents/macOS-rl-viritual-camera/CinematicCoreMacOS
    builtin-Swift-Compilation -- /Applications/Xcode.app/Contents/Developer/Toolchains/XcodeDefault.xctoolchain/usr/bin/swiftc -module-name Alfie -Onone -enforce-exclusivity\=checked @/tmp/alfie-diagnostics/build/Build/Intermediates.noindex/CinematicCoreMacOS.build/Debug/CinematicCoreMacOS.build/Objects-normal/arm64/Alfie.SwiftFileList -DDEBUG -default-isolation\=MainActor -enable-bare-slash-regex -enable-upcoming-feature DisableOutwardActorInference -enable-upcoming-feature InferSendableFromCaptures -enable-upcoming-feature GlobalActorIsolatedTypesUsability -enable-upcoming-feature MemberImportVisibility -enable-upcoming-feature InferIsolatedConformances -enable-upcoming-feature NonisolatedNonsendingByDefault -enable-experimental-feature DebugDescriptionMacro -sdk /Applications/Xcode.app/Contents/Developer/Platforms/MacOSX.platform/Developer/SDKs/MacOSX26.2.sdk -target arm64-apple-macos26.2 -g -module-cache-path /tmp/alfie-diagnostics/build/ModuleCache.noindex -Xfrontend -serialize-debugging-options -profile-coverage-mapping -profile-generate -enable-testing -index-store-path /tmp/alfie-diagnostics/build/Index.noindex/DataStore -Xcc -D_LIBCPP_HARDENING_MODE\=_LIBCPP_HARDENING_MODE_DEBUG -swift-version 5 -I /tmp/alfie-diagnostics/build/Build/Products/Debug -F /tmp/alfie-diagnostics/build/Build/Products/Debug -emit-localized-strings -emit-localized-strings-path /tmp/alfie-diagnostics/build/Build/Intermediates.noindex/CinematicCoreMacOS.build/Debug/CinematicCoreMacOS.build/Objects-normal/arm64 -c -j12 -enable-batch-mode -incremental -Xcc -ivfsstatcache -Xcc /tmp/alfie-diagnostics/build/SDKStatCaches.noindex/macosx26.2-25C57-dc75598d0054f22ec865fa860f139d7200fa09913b459cbbc988d1f6730289ae.sdkstatcache -output-file-map /tmp/alfie-diagnostics/build/Build/Intermediates.noindex/CinematicCoreMacOS.build/Debug/CinematicCoreMacOS.build/Objects-normal/arm64/CinematicCoreMacOS-OutputFileMap.json -use-frontend-parseable-output -save-temps -no-color-diagnostics -explicit-module-build -module-cache-path /tmp/alfie-diagnostics/build/Build/Intermediates.noindex/SwiftExplicitPrecompiledModules -clang-scanner-module-cache-path /tmp/alfie-diagnostics/build/ModuleCache.noindex -sdk-module-cache-path /tmp/alfie-diagnostics/build/ModuleCache.noindex -serialize-diagnostics -emit-dependencies -emit-module -emit-module-path /tmp/alfie-diagnostics/build/Build/Intermediates.noindex/CinematicCoreMacOS.build/Debug/CinematicCoreMacOS.build/Objects-normal/arm64/Alfie.swiftmodule -validate-clang-modules-once -clang-build-session-file /tmp/alfie-diagnostics/build/ModuleCache.noindex/Session.modulevalidation -Xcc -I/tmp/alfie-diagnostics/build/Build/Intermediates.noindex/CinematicCoreMacOS.build/Debug/CinematicCoreMacOS.build/swift-overrides.hmap -emit-const-values -Xfrontend -const-gather-protocols-file -Xfrontend /tmp/alfie-diagnostics/build/Build/Intermediates.noindex/CinematicCoreMacOS.build/Debug/CinematicCoreMacOS.build/Objects-normal/arm64/CinematicCoreMacOS_const_extract_protocols.json -Xcc -iquote -Xcc /tmp/alfie-diagnostics/build/Build/Intermediates.noindex/CinematicCoreMacOS.build/Debug/CinematicCoreMacOS.build/Alfie-generated-files.hmap -Xcc -I/tmp/alfie-diagnostics/build/Build/Intermediates.noindex/CinematicCoreMacOS.build/Debug/CinematicCoreMacOS.build/Alfie-own-target-headers.hmap -Xcc -I/tmp/alfie-diagnostics/build/Build/Intermediates.noindex/CinematicCoreMacOS.build/Debug/CinematicCoreMacOS.build/Alfie-all-target-headers.hmap -Xcc -iquote -Xcc /tmp/alfie-diagnostics/build/Build/Intermediates.noindex/CinematicCoreMacOS.build/Debug/CinematicCoreMacOS.build/Alfie-project-headers.hmap -Xcc -I/tmp/alfie-diagnostics/build/Build/Products/Debug/include -Xcc -I/tmp/alfie-diagnostics/build/Build/Intermediates.noindex/CinematicCoreMacOS.build/Debug/CinematicCoreMacOS.build/DerivedSources-normal/arm64 -Xcc -I/tmp/alfie-diagnostics/build/Build/Intermediates.noindex/CinematicCoreMacOS.build/Debug/CinematicCoreMacOS.build/DerivedSources/arm64 -Xcc -I/tmp/alfie-diagnostics/build/Build/Intermediates.noindex/CinematicCoreMacOS.build/Debug/CinematicCoreMacOS.build/DerivedSources -Xcc -DDEBUG\=1 -emit-objc-header -emit-objc-header-path /tmp/alfie-diagnostics/build/Build/Intermediates.noindex/CinematicCoreMacOS.build/Debug/CinematicCoreMacOS.build/Objects-normal/arm64/Alfie-Swift.h -import-objc-header /Users/stephanmorris/Documents/macOS-rl-viritual-camera/CinematicCoreMacOS/CinematicCoreMacOS/CinematicCoreMacOS-Bridging-Header.h -working-directory /Users/stephanmorris/Documents/macOS-rl-viritual-camera/CinematicCoreMacOS -experimental-emit-module-separately -disable-cmo

Ld /tmp/alfie-diagnostics/build/Build/Products/Debug/Alfie.app/Contents/MacOS/Alfie.debug.dylib normal (in target 'CinematicCoreMacOS' from project 'CinematicCoreMacOS')
    cd /Users/stephanmorris/Documents/macOS-rl-viritual-camera/CinematicCoreMacOS
    /Applications/Xcode.app/Contents/Developer/Toolchains/XcodeDefault.xctoolchain/usr/bin/clang -Xlinker -reproducible -target arm64-apple-macos26.2 -dynamiclib -isysroot /Applications/Xcode.app/Contents/Developer/Platforms/MacOSX.platform/Developer/SDKs/MacOSX26.2.sdk -O0 -L/tmp/alfie-diagnostics/build/Build/Intermediates.noindex/EagerLinkingTBDs/Debug -L/tmp/alfie-diagnostics/build/Build/Products/Debug -F/tmp/alfie-diagnostics/build/Build/Intermediates.noindex/EagerLinkingTBDs/Debug -F/tmp/alfie-diagnostics/build/Build/Products/Debug -filelist /tmp/alfie-diagnostics/build/Build/Intermediates.noindex/CinematicCoreMacOS.build/Debug/CinematicCoreMacOS.build/Objects-normal/arm64/Alfie.LinkFileList -install_name @rpath/Alfie.debug.dylib -Xlinker -rpath -Xlinker @executable_path/../Frameworks -Xlinker -object_path_lto -Xlinker /tmp/alfie-diagnostics/build/Build/Intermediates.noindex/CinematicCoreMacOS.build/Debug/CinematicCoreMacOS.build/Objects-normal/arm64/Alfie_lto.o -rdynamic -Xlinker -no_deduplicate -Xlinker -debug_variant -Xlinker -dependency_info -Xlinker /tmp/alfie-diagnostics/build/Build/Intermediates.noindex/CinematicCoreMacOS.build/Debug/CinematicCoreMacOS.build/Objects-normal/arm64/Alfie_dependency_info.dat -fobjc-link-runtime -fprofile-instr-generate -L/Applications/Xcode.app/Contents/Developer/Toolchains/XcodeDefault.xctoolchain/usr/lib/swift/macosx -L/usr/lib/swift -Xlinker -add_ast_path -Xlinker /tmp/alfie-diagnostics/build/Build/Intermediates.noindex/CinematicCoreMacOS.build/Debug/CinematicCoreMacOS.build/Objects-normal/arm64/Alfie.swiftmodule @/tmp/alfie-diagnostics/build/Build/Intermediates.noindex/CinematicCoreMacOS.build/Debug/CinematicCoreMacOS.build/Objects-normal/arm64/Alfie-linker-args.resp -Xlinker -alias -Xlinker _main -Xlinker ___debug_main_executable_dylib_entry_point -o /tmp/alfie-diagnostics/build/Build/Products/Debug/Alfie.app/Contents/MacOS/Alfie.debug.dylib

ConstructStubExecutorLinkFileList /tmp/alfie-diagnostics/build/Build/Intermediates.noindex/CinematicCoreMacOS.build/Debug/CinematicCoreMacOS.build/Alfie-ExecutorLinkFileList-normal-arm64.txt (in target 'CinematicCoreMacOS' from project 'CinematicCoreMacOS')
    cd /Users/stephanmorris/Documents/macOS-rl-viritual-camera/CinematicCoreMacOS
    construct-stub-executor-link-file-list /tmp/alfie-diagnostics/build/Build/Products/Debug/Alfie.app/Contents/MacOS/Alfie.debug.dylib /Applications/Xcode.app/Contents/Developer/Platforms/MacOSX.platform/Developer/usr/lib/libPreviewsJITStubExecutor_no_swift_entry_point.a /Applications/Xcode.app/Contents/Developer/Platforms/MacOSX.platform/Developer/usr/lib/libPreviewsJITStubExecutor.a --output /tmp/alfie-diagnostics/build/Build/Intermediates.noindex/CinematicCoreMacOS.build/Debug/CinematicCoreMacOS.build/Alfie-ExecutorLinkFileList-normal-arm64.txt
note: Using stub executor library with Swift entry point. (in target 'CinematicCoreMacOS' from project 'CinematicCoreMacOS')

Ld /tmp/alfie-diagnostics/build/Build/Products/Debug/Alfie.app/Contents/MacOS/Alfie normal (in target 'CinematicCoreMacOS' from project 'CinematicCoreMacOS')
    cd /Users/stephanmorris/Documents/macOS-rl-viritual-camera/CinematicCoreMacOS
    /Applications/Xcode.app/Contents/Developer/Toolchains/XcodeDefault.xctoolchain/usr/bin/clang -Xlinker -reproducible -target arm64-apple-macos26.2 -isysroot /Applications/Xcode.app/Contents/Developer/Platforms/MacOSX.platform/Developer/SDKs/MacOSX26.2.sdk -O0 -L/tmp/alfie-diagnostics/build/Build/Products/Debug -F/tmp/alfie-diagnostics/build/Build/Products/Debug -Xlinker -rpath -Xlinker @executable_path -Xlinker -rpath -Xlinker @executable_path/../Frameworks -rdynamic -Xlinker -no_deduplicate -Xlinker -debug_variant -e ___debug_blank_executor_main -Xlinker -sectcreate -Xlinker __TEXT -Xlinker __debug_dylib -Xlinker /tmp/alfie-diagnostics/build/Build/Intermediates.noindex/CinematicCoreMacOS.build/Debug/CinematicCoreMacOS.build/Alfie-DebugDylibPath-normal-arm64.txt -Xlinker -sectcreate -Xlinker __TEXT -Xlinker __debug_instlnm -Xlinker /tmp/alfie-diagnostics/build/Build/Intermediates.noindex/CinematicCoreMacOS.build/Debug/CinematicCoreMacOS.build/Alfie-DebugDylibInstallName-normal-arm64.txt -Xlinker -filelist -Xlinker /tmp/alfie-diagnostics/build/Build/Intermediates.noindex/CinematicCoreMacOS.build/Debug/CinematicCoreMacOS.build/Alfie-ExecutorLinkFileList-normal-arm64.txt /tmp/alfie-diagnostics/build/Build/Products/Debug/Alfie.app/Contents/MacOS/Alfie.debug.dylib -o /tmp/alfie-diagnostics/build/Build/Products/Debug/Alfie.app/Contents/MacOS/Alfie

Copy /tmp/alfie-diagnostics/build/Build/Products/Debug/Alfie.app/Contents/Library/SystemExtensions/Morris.CinematicCoreMacOS.CinematicCoreExtension.systemextension /tmp/alfie-diagnostics/build/Build/Products/Debug/Morris.CinematicCoreMacOS.CinematicCoreExtension.systemextension (in target 'CinematicCoreMacOS' from project 'CinematicCoreMacOS')
    cd /Users/stephanmorris/Documents/macOS-rl-viritual-camera/CinematicCoreMacOS
    builtin-copy -exclude .DS_Store -exclude CVS -exclude .svn -exclude .git -exclude .hg -exclude Headers -exclude PrivateHeaders -exclude Modules -exclude \*.tbd -resolve-src-symlinks -remove-static-executable /tmp/alfie-diagnostics/build/Build/Products/Debug/Morris.CinematicCoreMacOS.CinematicCoreExtension.systemextension /tmp/alfie-diagnostics/build/Build/Products/Debug/Alfie.app/Contents/Library/SystemExtensions

ProcessInfoPlistFile /tmp/alfie-diagnostics/build/Build/Products/Debug/Alfie.app/Contents/Info.plist /tmp/alfie-diagnostics/build/Build/Intermediates.noindex/CinematicCoreMacOS.build/Debug/CinematicCoreMacOS.build/empty-Alfie.plist (in target 'CinematicCoreMacOS' from project 'CinematicCoreMacOS')
    cd /Users/stephanmorris/Documents/macOS-rl-viritual-camera/CinematicCoreMacOS
    builtin-infoPlistUtility /tmp/alfie-diagnostics/build/Build/Intermediates.noindex/CinematicCoreMacOS.build/Debug/CinematicCoreMacOS.build/empty-Alfie.plist -producttype com.apple.product-type.application -genpkginfo /tmp/alfie-diagnostics/build/Build/Products/Debug/Alfie.app/Contents/PkgInfo -expandbuildsettings -platform macosx -additionalcontentfile /tmp/alfie-diagnostics/build/Build/Intermediates.noindex/CinematicCoreMacOS.build/Debug/CinematicCoreMacOS.build/assetcatalog_generated_info.plist -scanforprivacyfile /tmp/alfie-diagnostics/build/Build/Products/Debug/Alfie.app/Contents/Library/SystemExtensions/Morris.CinematicCoreMacOS.CinematicCoreExtension.systemextension -o /tmp/alfie-diagnostics/build/Build/Products/Debug/Alfie.app/Contents/Info.plist

ExtractAppIntentsMetadata (in target 'CinematicCoreMacOS' from project 'CinematicCoreMacOS')
    cd /Users/stephanmorris/Documents/macOS-rl-viritual-camera/CinematicCoreMacOS
    /Applications/Xcode.app/Contents/Developer/Toolchains/XcodeDefault.xctoolchain/usr/bin/appintentsmetadataprocessor --toolchain-dir /var/run/com.apple.security.cryptexd/mnt/com.apple.MobileAsset.MetalToolchain-v17.3.7003.10.InU4CR/Metal.xctoolchain --module-name Alfie --sdk-root /Applications/Xcode.app/Contents/Developer/Platforms/MacOSX.platform/Developer/SDKs/MacOSX26.2.sdk --xcode-version 17C52 --platform-family macOS --deployment-target 26.2 --bundle-identifier Morris.CinematicCoreMacOS --output /tmp/alfie-diagnostics/build/Build/Products/Debug/Alfie.app/Contents/Resources --target-triple arm64-apple-macos26.2 --binary-file /tmp/alfie-diagnostics/build/Build/Products/Debug/Alfie.app/Contents/MacOS/Alfie --dependency-file /tmp/alfie-diagnostics/build/Build/Intermediates.noindex/CinematicCoreMacOS.build/Debug/CinematicCoreMacOS.build/Objects-normal/arm64/Alfie_dependency_info.dat --stringsdata-file /tmp/alfie-diagnostics/build/Build/Intermediates.noindex/CinematicCoreMacOS.build/Debug/CinematicCoreMacOS.build/Objects-normal/arm64/ExtractedAppShortcutsMetadata.stringsdata --source-file-list /tmp/alfie-diagnostics/build/Build/Intermediates.noindex/CinematicCoreMacOS.build/Debug/CinematicCoreMacOS.build/Objects-normal/arm64/Alfie.SwiftFileList --metadata-file-list /tmp/alfie-diagnostics/build/Build/Intermediates.noindex/CinematicCoreMacOS.build/Debug/CinematicCoreMacOS.build/Alfie.DependencyMetadataFileList --static-metadata-file-list /tmp/alfie-diagnostics/build/Build/Intermediates.noindex/CinematicCoreMacOS.build/Debug/CinematicCoreMacOS.build/Alfie.DependencyStaticMetadataFileList --swift-const-vals-list /tmp/alfie-diagnostics/build/Build/Intermediates.noindex/CinematicCoreMacOS.build/Debug/CinematicCoreMacOS.build/Objects-normal/arm64/Alfie.SwiftConstValuesFileList --compile-time-extraction --deployment-aware-processing --validate-assistant-intents --no-app-shortcuts-localization
2026-09-06 10:04:55.803 appintentsmetadataprocessor[16161:644348] Starting appintentsmetadataprocessor export
2026-09-06 10:04:55.804 appintentsmetadataprocessor[16161:644348] warning: Metadata extraction skipped. No AppIntents.framework dependency found.

CopySwiftLibs /tmp/alfie-diagnostics/build/Build/Products/Debug/Alfie.app (in target 'CinematicCoreMacOS' from project 'CinematicCoreMacOS')
    cd /Users/stephanmorris/Documents/macOS-rl-viritual-camera/CinematicCoreMacOS
    builtin-swiftStdLibTool --copy --verbose --scan-executable /tmp/alfie-diagnostics/build/Build/Products/Debug/Alfie.app/Contents/MacOS/Alfie.debug.dylib --scan-folder /tmp/alfie-diagnostics/build/Build/Products/Debug/Alfie.app/Contents/Frameworks --scan-folder /tmp/alfie-diagnostics/build/Build/Products/Debug/Alfie.app/Contents/PlugIns --scan-folder /tmp/alfie-diagnostics/build/Build/Products/Debug/Alfie.app/Contents/Library/SystemExtensions --scan-folder /tmp/alfie-diagnostics/build/Build/Products/Debug/Alfie.app/Contents/Extensions --platform macosx --toolchain /var/run/com.apple.security.cryptexd/mnt/com.apple.MobileAsset.MetalToolchain-v17.3.7003.10.InU4CR/Metal.xctoolchain --toolchain /Applications/Xcode.app/Contents/Developer/Toolchains/XcodeDefault.xctoolchain --destination /tmp/alfie-diagnostics/build/Build/Products/Debug/Alfie.app/Contents/Frameworks --strip-bitcode --strip-bitcode-tool /Applications/Xcode.app/Contents/Developer/Toolchains/XcodeDefault.xctoolchain/usr/bin/bitcode_strip --emit-dependency-info /tmp/alfie-diagnostics/build/Build/Intermediates.noindex/CinematicCoreMacOS.build/Debug/CinematicCoreMacOS.build/SwiftStdLibToolInputDependencies.dep --filter-for-swift-os
Ignoring --strip-bitcode because --sign was not passed

ValidateEmbeddedBinary /tmp/alfie-diagnostics/build/Build/Products/Debug/Alfie.app/Contents/Library/SystemExtensions/Morris.CinematicCoreMacOS.CinematicCoreExtension.systemextension (in target 'CinematicCoreMacOS' from project 'CinematicCoreMacOS')
    cd /Users/stephanmorris/Documents/macOS-rl-viritual-camera/CinematicCoreMacOS
    /Applications/Xcode.app/Contents/Developer/usr/bin/embeddedBinaryValidationUtility /tmp/alfie-diagnostics/build/Build/Products/Debug/Alfie.app/Contents/Library/SystemExtensions/Morris.CinematicCoreMacOS.CinematicCoreExtension.systemextension -info-plist-path /tmp/alfie-diagnostics/build/Build/Products/Debug/Alfie.app/Contents/Info.plist
warning: Morris.CinematicCoreMacOS.CinematicCoreExtension.systemextension is a Foundation extension and must be embedded in the parent app bundle's PlugIns directory, but is embedded in the parent app bundle's Contents/Library/SystemExtensions directory.

ProcessInfoPlistFile /tmp/alfie-diagnostics/build/Build/Products/Debug/Alfie.app/Contents/PlugIns/CinematicCoreMacOSTests.xctest/Contents/Info.plist /tmp/alfie-diagnostics/build/Build/Intermediates.noindex/CinematicCoreMacOS.build/Debug/CinematicCoreMacOSTests.build/empty-CinematicCoreMacOSTests.plist (in target 'CinematicCoreMacOSTests' from project 'CinematicCoreMacOS')
    cd /Users/stephanmorris/Documents/macOS-rl-viritual-camera/CinematicCoreMacOS
    builtin-infoPlistUtility /tmp/alfie-diagnostics/build/Build/Intermediates.noindex/CinematicCoreMacOS.build/Debug/CinematicCoreMacOSTests.build/empty-CinematicCoreMacOSTests.plist -producttype com.apple.product-type.bundle.unit-test -expandbuildsettings -platform macosx -o /tmp/alfie-diagnostics/build/Build/Products/Debug/Alfie.app/Contents/PlugIns/CinematicCoreMacOSTests.xctest/Contents/Info.plist

Ld /tmp/alfie-diagnostics/build/Build/Products/Debug/Alfie.app/Contents/PlugIns/CinematicCoreMacOSTests.xctest/Contents/MacOS/CinematicCoreMacOSTests normal (in target 'CinematicCoreMacOSTests' from project 'CinematicCoreMacOS')
    cd /Users/stephanmorris/Documents/macOS-rl-viritual-camera/CinematicCoreMacOS
    /Applications/Xcode.app/Contents/Developer/Toolchains/XcodeDefault.xctoolchain/usr/bin/clang -Xlinker -reproducible -target arm64-apple-macos26.2 -bundle -isysroot /Applications/Xcode.app/Contents/Developer/Platforms/MacOSX.platform/Developer/SDKs/MacOSX26.2.sdk -O0 -L/tmp/alfie-diagnostics/build/Build/Intermediates.noindex/EagerLinkingTBDs/Debug -L/tmp/alfie-diagnostics/build/Build/Products/Debug -L/Applications/Xcode.app/Contents/Developer/Platforms/MacOSX.platform/Developer/usr/lib -F/tmp/alfie-diagnostics/build/Build/Intermediates.noindex/EagerLinkingTBDs/Debug -F/tmp/alfie-diagnostics/build/Build/Products/Debug -iframework /Applications/Xcode.app/Contents/Developer/Platforms/MacOSX.platform/Developer/Library/Frameworks -filelist /tmp/alfie-diagnostics/build/Build/Intermediates.noindex/CinematicCoreMacOS.build/Debug/CinematicCoreMacOSTests.build/Objects-normal/arm64/CinematicCoreMacOSTests.LinkFileList -Xlinker -rpath -Xlinker @loader_path/../Frameworks -Xlinker -rpath -Xlinker @executable_path/../Frameworks -bundle_loader /tmp/alfie-diagnostics/build/Build/Products/Debug/Alfie.app/Contents/MacOS/Alfie -Xlinker -object_path_lto -Xlinker /tmp/alfie-diagnostics/build/Build/Intermediates.noindex/CinematicCoreMacOS.build/Debug/CinematicCoreMacOSTests.build/Objects-normal/arm64/CinematicCoreMacOSTests_lto.o -rdynamic -Xlinker -no_deduplicate -Xlinker -debug_variant -Xlinker -dependency_info -Xlinker /tmp/alfie-diagnostics/build/Build/Intermediates.noindex/CinematicCoreMacOS.build/Debug/CinematicCoreMacOSTests.build/Objects-normal/arm64/CinematicCoreMacOSTests_dependency_info.dat -fobjc-link-runtime -fprofile-instr-generate -L/Applications/Xcode.app/Contents/Developer/Toolchains/XcodeDefault.xctoolchain/usr/lib/swift/macosx -L/usr/lib/swift -Xlinker -add_ast_path -Xlinker /tmp/alfie-diagnostics/build/Build/Intermediates.noindex/CinematicCoreMacOS.build/Debug/CinematicCoreMacOSTests.build/Objects-normal/arm64/CinematicCoreMacOSTests.swiftmodule @/tmp/alfie-diagnostics/build/Build/Intermediates.noindex/CinematicCoreMacOS.build/Debug/CinematicCoreMacOSTests.build/Objects-normal/arm64/CinematicCoreMacOSTests-linker-args.resp -Xlinker -needed_framework -Xlinker XCTest -framework XCTest -Xlinker -needed-lXCTestSwiftSupport -lXCTestSwiftSupport /tmp/alfie-diagnostics/build/Build/Products/Debug/Alfie.app/Contents/MacOS/Alfie.debug.dylib -o /tmp/alfie-diagnostics/build/Build/Products/Debug/Alfie.app/Contents/PlugIns/CinematicCoreMacOSTests.xctest/Contents/MacOS/CinematicCoreMacOSTests

CopySwiftLibs /tmp/alfie-diagnostics/build/Build/Products/Debug/Alfie.app/Contents/PlugIns/CinematicCoreMacOSTests.xctest (in target 'CinematicCoreMacOSTests' from project 'CinematicCoreMacOS')
    cd /Users/stephanmorris/Documents/macOS-rl-viritual-camera/CinematicCoreMacOS
    builtin-swiftStdLibTool --copy --verbose --scan-executable /tmp/alfie-diagnostics/build/Build/Products/Debug/Alfie.app/Contents/PlugIns/CinematicCoreMacOSTests.xctest/Contents/MacOS/CinematicCoreMacOSTests --scan-folder /tmp/alfie-diagnostics/build/Build/Products/Debug/Alfie.app/Contents/PlugIns/CinematicCoreMacOSTests.xctest/Contents/Frameworks --scan-folder /tmp/alfie-diagnostics/build/Build/Products/Debug/Alfie.app/Contents/PlugIns/CinematicCoreMacOSTests.xctest/Contents/PlugIns --scan-folder /tmp/alfie-diagnostics/build/Build/Products/Debug/Alfie.app/Contents/PlugIns/CinematicCoreMacOSTests.xctest/Contents/Library/SystemExtensions --scan-folder /tmp/alfie-diagnostics/build/Build/Products/Debug/Alfie.app/Contents/PlugIns/CinematicCoreMacOSTests.xctest/Contents/Extensions --platform macosx --toolchain /var/run/com.apple.security.cryptexd/mnt/com.apple.MobileAsset.MetalToolchain-v17.3.7003.10.InU4CR/Metal.xctoolchain --toolchain /Applications/Xcode.app/Contents/Developer/Toolchains/XcodeDefault.xctoolchain --destination /tmp/alfie-diagnostics/build/Build/Products/Debug/Alfie.app/Contents/PlugIns/CinematicCoreMacOSTests.xctest/Contents/Frameworks --strip-bitcode --scan-executable /Applications/Xcode.app/Contents/Developer/Platforms/MacOSX.platform/Developer/usr/lib/libXCTestSwiftSupport.dylib --strip-bitcode-tool /Applications/Xcode.app/Contents/Developer/Toolchains/XcodeDefault.xctoolchain/usr/bin/bitcode_strip --emit-dependency-info /tmp/alfie-diagnostics/build/Build/Intermediates.noindex/CinematicCoreMacOS.build/Debug/CinematicCoreMacOSTests.build/SwiftStdLibToolInputDependencies.dep --filter-for-swift-os
Ignoring --strip-bitcode because --sign was not passed

ExtractAppIntentsMetadata (in target 'CinematicCoreMacOSTests' from project 'CinematicCoreMacOS')
    cd /Users/stephanmorris/Documents/macOS-rl-viritual-camera/CinematicCoreMacOS
    /Applications/Xcode.app/Contents/Developer/Toolchains/XcodeDefault.xctoolchain/usr/bin/appintentsmetadataprocessor --toolchain-dir /var/run/com.apple.security.cryptexd/mnt/com.apple.MobileAsset.MetalToolchain-v17.3.7003.10.InU4CR/Metal.xctoolchain --module-name CinematicCoreMacOSTests --sdk-root /Applications/Xcode.app/Contents/Developer/Platforms/MacOSX.platform/Developer/SDKs/MacOSX26.2.sdk --xcode-version 17C52 --platform-family macOS --deployment-target 26.2 --bundle-identifier Morris.CinematicCoreMacOSTests --output /tmp/alfie-diagnostics/build/Build/Products/Debug/Alfie.app/Contents/PlugIns/CinematicCoreMacOSTests.xctest/Contents/Resources --target-triple arm64-apple-macos26.2 --binary-file /tmp/alfie-diagnostics/build/Build/Products/Debug/Alfie.app/Contents/PlugIns/CinematicCoreMacOSTests.xctest/Contents/MacOS/CinematicCoreMacOSTests --dependency-file /tmp/alfie-diagnostics/build/Build/Intermediates.noindex/CinematicCoreMacOS.build/Debug/CinematicCoreMacOSTests.build/Objects-normal/arm64/CinematicCoreMacOSTests_dependency_info.dat --stringsdata-file /tmp/alfie-diagnostics/build/Build/Intermediates.noindex/CinematicCoreMacOS.build/Debug/CinematicCoreMacOSTests.build/Objects-normal/arm64/ExtractedAppShortcutsMetadata.stringsdata --source-file-list /tmp/alfie-diagnostics/build/Build/Intermediates.noindex/CinematicCoreMacOS.build/Debug/CinematicCoreMacOSTests.build/Objects-normal/arm64/CinematicCoreMacOSTests.SwiftFileList --metadata-file-list /tmp/alfie-diagnostics/build/Build/Intermediates.noindex/CinematicCoreMacOS.build/Debug/CinematicCoreMacOSTests.build/CinematicCoreMacOSTests.DependencyMetadataFileList --static-metadata-file-list /tmp/alfie-diagnostics/build/Build/Intermediates.noindex/CinematicCoreMacOS.build/Debug/CinematicCoreMacOSTests.build/CinematicCoreMacOSTests.DependencyStaticMetadataFileList --swift-const-vals-list /tmp/alfie-diagnostics/build/Build/Intermediates.noindex/CinematicCoreMacOS.build/Debug/CinematicCoreMacOSTests.build/Objects-normal/arm64/CinematicCoreMacOSTests.SwiftConstValuesFileList --compile-time-extraction --deployment-aware-processing --validate-assistant-intents --no-app-shortcuts-localization
2026-09-06 10:04:56.057 appintentsmetadataprocessor[16165:644370] Starting appintentsmetadataprocessor export
2026-09-06 10:04:56.058 appintentsmetadataprocessor[16165:644370] warning: Metadata extraction skipped. No AppIntents.framework dependency found.

RegisterExecutionPolicyException /tmp/alfie-diagnostics/build/Build/Products/Debug/Alfie.app/Contents/PlugIns/CinematicCoreMacOSTests.xctest (in target 'CinematicCoreMacOSTests' from project 'CinematicCoreMacOS')
    cd /Users/stephanmorris/Documents/macOS-rl-viritual-camera/CinematicCoreMacOS
    builtin-RegisterExecutionPolicyException /tmp/alfie-diagnostics/build/Build/Products/Debug/Alfie.app/Contents/PlugIns/CinematicCoreMacOSTests.xctest

Touch /tmp/alfie-diagnostics/build/Build/Products/Debug/Alfie.app/Contents/PlugIns/CinematicCoreMacOSTests.xctest (in target 'CinematicCoreMacOSTests' from project 'CinematicCoreMacOS')
    cd /Users/stephanmorris/Documents/macOS-rl-viritual-camera/CinematicCoreMacOS
    /usr/bin/touch -c /tmp/alfie-diagnostics/build/Build/Products/Debug/Alfie.app/Contents/PlugIns/CinematicCoreMacOSTests.xctest

RegisterExecutionPolicyException /tmp/alfie-diagnostics/build/Build/Products/Debug/Alfie.app (in target 'CinematicCoreMacOS' from project 'CinematicCoreMacOS')
    cd /Users/stephanmorris/Documents/macOS-rl-viritual-camera/CinematicCoreMacOS
    builtin-RegisterExecutionPolicyException /tmp/alfie-diagnostics/build/Build/Products/Debug/Alfie.app

Validate /tmp/alfie-diagnostics/build/Build/Products/Debug/Alfie.app (in target 'CinematicCoreMacOS' from project 'CinematicCoreMacOS')
    cd /Users/stephanmorris/Documents/macOS-rl-viritual-camera/CinematicCoreMacOS
    builtin-validationUtility /tmp/alfie-diagnostics/build/Build/Products/Debug/Alfie.app -no-validate-extension -infoplist-subpath Contents/Info.plist

Touch /tmp/alfie-diagnostics/build/Build/Products/Debug/Alfie.app (in target 'CinematicCoreMacOS' from project 'CinematicCoreMacOS')
    cd /Users/stephanmorris/Documents/macOS-rl-viritual-camera/CinematicCoreMacOS
    /usr/bin/touch -c /tmp/alfie-diagnostics/build/Build/Products/Debug/Alfie.app

RegisterWithLaunchServices /tmp/alfie-diagnostics/build/Build/Products/Debug/Alfie.app (in target 'CinematicCoreMacOS' from project 'CinematicCoreMacOS')
    cd /Users/stephanmorris/Documents/macOS-rl-viritual-camera/CinematicCoreMacOS
    /System/Library/Frameworks/CoreServices.framework/Versions/Current/Frameworks/LaunchServices.framework/Versions/Current/Support/lsregister -f -R -trusted /tmp/alfie-diagnostics/build/Build/Products/Debug/Alfie.app

ProcessInfoPlistFile /tmp/alfie-diagnostics/build/Build/Products/Debug/CinematicCoreMacOSUITests-Runner.app/Contents/PlugIns/CinematicCoreMacOSUITests.xctest/Contents/Info.plist /tmp/alfie-diagnostics/build/Build/Intermediates.noindex/CinematicCoreMacOS.build/Debug/CinematicCoreMacOSUITests.build/empty-CinematicCoreMacOSUITests.plist (in target 'CinematicCoreMacOSUITests' from project 'CinematicCoreMacOS')
    cd /Users/stephanmorris/Documents/macOS-rl-viritual-camera/CinematicCoreMacOS
    builtin-infoPlistUtility /tmp/alfie-diagnostics/build/Build/Intermediates.noindex/CinematicCoreMacOS.build/Debug/CinematicCoreMacOSUITests.build/empty-CinematicCoreMacOSUITests.plist -producttype com.apple.product-type.bundle.ui-testing -expandbuildsettings -platform macosx -additionalcontentfile /tmp/alfie-diagnostics/build/Build/Intermediates.noindex/CinematicCoreMacOS.build/Debug/CinematicCoreMacOSUITests.build/ProductTypeInfoPlistAdditions.plist -o /tmp/alfie-diagnostics/build/Build/Products/Debug/CinematicCoreMacOSUITests-Runner.app/Contents/PlugIns/CinematicCoreMacOSUITests.xctest/Contents/Info.plist

Ld /tmp/alfie-diagnostics/build/Build/Products/Debug/CinematicCoreMacOSUITests-Runner.app/Contents/PlugIns/CinematicCoreMacOSUITests.xctest/Contents/MacOS/CinematicCoreMacOSUITests normal (in target 'CinematicCoreMacOSUITests' from project 'CinematicCoreMacOS')
    cd /Users/stephanmorris/Documents/macOS-rl-viritual-camera/CinematicCoreMacOS
    /Applications/Xcode.app/Contents/Developer/Toolchains/XcodeDefault.xctoolchain/usr/bin/clang -Xlinker -reproducible -target arm64-apple-macos26.2 -bundle -isysroot /Applications/Xcode.app/Contents/Developer/Platforms/MacOSX.platform/Developer/SDKs/MacOSX26.2.sdk -O0 -L/tmp/alfie-diagnostics/build/Build/Intermediates.noindex/EagerLinkingTBDs/Debug -L/tmp/alfie-diagnostics/build/Build/Products/Debug -L/Applications/Xcode.app/Contents/Developer/Platforms/MacOSX.platform/Developer/usr/lib -F/tmp/alfie-diagnostics/build/Build/Intermediates.noindex/EagerLinkingTBDs/Debug -F/tmp/alfie-diagnostics/build/Build/Products/Debug -iframework /Applications/Xcode.app/Contents/Developer/Platforms/MacOSX.platform/Developer/Library/Frameworks -filelist /tmp/alfie-diagnostics/build/Build/Intermediates.noindex/CinematicCoreMacOS.build/Debug/CinematicCoreMacOSUITests.build/Objects-normal/arm64/CinematicCoreMacOSUITests.LinkFileList -Xlinker -rpath -Xlinker @loader_path/../Frameworks -Xlinker -object_path_lto -Xlinker /tmp/alfie-diagnostics/build/Build/Intermediates.noindex/CinematicCoreMacOS.build/Debug/CinematicCoreMacOSUITests.build/Objects-normal/arm64/CinematicCoreMacOSUITests_lto.o -rdynamic -Xlinker -no_deduplicate -Xlinker -debug_variant -Xlinker -dependency_info -Xlinker /tmp/alfie-diagnostics/build/Build/Intermediates.noindex/CinematicCoreMacOS.build/Debug/CinematicCoreMacOSUITests.build/Objects-normal/arm64/CinematicCoreMacOSUITests_dependency_info.dat -fobjc-link-runtime -fprofile-instr-generate -L/Applications/Xcode.app/Contents/Developer/Toolchains/XcodeDefault.xctoolchain/usr/lib/swift/macosx -L/usr/lib/swift -Xlinker -add_ast_path -Xlinker /tmp/alfie-diagnostics/build/Build/Intermediates.noindex/CinematicCoreMacOS.build/Debug/CinematicCoreMacOSUITests.build/Objects-normal/arm64/CinematicCoreMacOSUITests.swiftmodule @/tmp/alfie-diagnostics/build/Build/Intermediates.noindex/CinematicCoreMacOS.build/Debug/CinematicCoreMacOSUITests.build/Objects-normal/arm64/CinematicCoreMacOSUITests-linker-args.resp -Xlinker -needed_framework -Xlinker XCTest -framework XCTest -Xlinker -needed-lXCTestSwiftSupport -lXCTestSwiftSupport -o /tmp/alfie-diagnostics/build/Build/Products/Debug/CinematicCoreMacOSUITests-Runner.app/Contents/PlugIns/CinematicCoreMacOSUITests.xctest/Contents/MacOS/CinematicCoreMacOSUITests

CopySwiftLibs /tmp/alfie-diagnostics/build/Build/Products/Debug/CinematicCoreMacOSUITests-Runner.app/Contents/PlugIns/CinematicCoreMacOSUITests.xctest (in target 'CinematicCoreMacOSUITests' from project 'CinematicCoreMacOS')
    cd /Users/stephanmorris/Documents/macOS-rl-viritual-camera/CinematicCoreMacOS
    builtin-swiftStdLibTool --copy --verbose --scan-executable /tmp/alfie-diagnostics/build/Build/Products/Debug/CinematicCoreMacOSUITests-Runner.app/Contents/PlugIns/CinematicCoreMacOSUITests.xctest/Contents/MacOS/CinematicCoreMacOSUITests --scan-folder /tmp/alfie-diagnostics/build/Build/Products/Debug/CinematicCoreMacOSUITests-Runner.app/Contents/PlugIns/CinematicCoreMacOSUITests.xctest/Contents/Frameworks --scan-folder /tmp/alfie-diagnostics/build/Build/Products/Debug/CinematicCoreMacOSUITests-Runner.app/Contents/PlugIns/CinematicCoreMacOSUITests.xctest/Contents/PlugIns --scan-folder /tmp/alfie-diagnostics/build/Build/Products/Debug/CinematicCoreMacOSUITests-Runner.app/Contents/PlugIns/CinematicCoreMacOSUITests.xctest/Contents/Library/SystemExtensions --scan-folder /tmp/alfie-diagnostics/build/Build/Products/Debug/CinematicCoreMacOSUITests-Runner.app/Contents/PlugIns/CinematicCoreMacOSUITests.xctest/Contents/Extensions --platform macosx --toolchain /var/run/com.apple.security.cryptexd/mnt/com.apple.MobileAsset.MetalToolchain-v17.3.7003.10.InU4CR/Metal.xctoolchain --toolchain /Applications/Xcode.app/Contents/Developer/Toolchains/XcodeDefault.xctoolchain --destination /tmp/alfie-diagnostics/build/Build/Products/Debug/CinematicCoreMacOSUITests-Runner.app/Contents/PlugIns/CinematicCoreMacOSUITests.xctest/Contents/Frameworks --strip-bitcode --scan-executable /Applications/Xcode.app/Contents/Developer/Platforms/MacOSX.platform/Developer/usr/lib/libXCTestSwiftSupport.dylib --strip-bitcode-tool /Applications/Xcode.app/Contents/Developer/Toolchains/XcodeDefault.xctoolchain/usr/bin/bitcode_strip --emit-dependency-info /tmp/alfie-diagnostics/build/Build/Intermediates.noindex/CinematicCoreMacOS.build/Debug/CinematicCoreMacOSUITests.build/SwiftStdLibToolInputDependencies.dep --filter-for-swift-os
Ignoring --strip-bitcode because --sign was not passed

ExtractAppIntentsMetadata (in target 'CinematicCoreMacOSUITests' from project 'CinematicCoreMacOS')
    cd /Users/stephanmorris/Documents/macOS-rl-viritual-camera/CinematicCoreMacOS
    /Applications/Xcode.app/Contents/Developer/Toolchains/XcodeDefault.xctoolchain/usr/bin/appintentsmetadataprocessor --toolchain-dir /var/run/com.apple.security.cryptexd/mnt/com.apple.MobileAsset.MetalToolchain-v17.3.7003.10.InU4CR/Metal.xctoolchain --module-name CinematicCoreMacOSUITests --sdk-root /Applications/Xcode.app/Contents/Developer/Platforms/MacOSX.platform/Developer/SDKs/MacOSX26.2.sdk --xcode-version 17C52 --platform-family macOS --deployment-target 26.2 --bundle-identifier Morris.CinematicCoreMacOSUITests --output /tmp/alfie-diagnostics/build/Build/Products/Debug/CinematicCoreMacOSUITests-Runner.app/Contents/PlugIns/CinematicCoreMacOSUITests.xctest/Contents/Resources --target-triple arm64-apple-macos26.2 --binary-file /tmp/alfie-diagnostics/build/Build/Products/Debug/CinematicCoreMacOSUITests-Runner.app/Contents/PlugIns/CinematicCoreMacOSUITests.xctest/Contents/MacOS/CinematicCoreMacOSUITests --dependency-file /tmp/alfie-diagnostics/build/Build/Intermediates.noindex/CinematicCoreMacOS.build/Debug/CinematicCoreMacOSUITests.build/Objects-normal/arm64/CinematicCoreMacOSUITests_dependency_info.dat --stringsdata-file /tmp/alfie-diagnostics/build/Build/Intermediates.noindex/CinematicCoreMacOS.build/Debug/CinematicCoreMacOSUITests.build/Objects-normal/arm64/ExtractedAppShortcutsMetadata.stringsdata --source-file-list /tmp/alfie-diagnostics/build/Build/Intermediates.noindex/CinematicCoreMacOS.build/Debug/CinematicCoreMacOSUITests.build/Objects-normal/arm64/CinematicCoreMacOSUITests.SwiftFileList --metadata-file-list /tmp/alfie-diagnostics/build/Build/Intermediates.noindex/CinematicCoreMacOS.build/Debug/CinematicCoreMacOSUITests.build/CinematicCoreMacOSUITests.DependencyMetadataFileList --static-metadata-file-list /tmp/alfie-diagnostics/build/Build/Intermediates.noindex/CinematicCoreMacOS.build/Debug/CinematicCoreMacOSUITests.build/CinematicCoreMacOSUITests.DependencyStaticMetadataFileList --swift-const-vals-list /tmp/alfie-diagnostics/build/Build/Intermediates.noindex/CinematicCoreMacOS.build/Debug/CinematicCoreMacOSUITests.build/Objects-normal/arm64/CinematicCoreMacOSUITests.SwiftConstValuesFileList --compile-time-extraction --deployment-aware-processing --validate-assistant-intents --no-app-shortcuts-localization
2026-09-06 10:04:56.298 appintentsmetadataprocessor[16171:644462] Starting appintentsmetadataprocessor export
2026-09-06 10:04:56.298 appintentsmetadataprocessor[16171:644462] warning: Metadata extraction skipped. No AppIntents.framework dependency found.

CopyPlistFile /tmp/alfie-diagnostics/build/Build/Products/Debug/CinematicCoreMacOSUITests-Runner.app/Contents/Info.plist /Applications/Xcode.app/Contents/Developer/Platforms/MacOSX.platform/Developer/Library/Xcode/Agents/XCTRunner.app/Contents/Info.plist (in target 'CinematicCoreMacOSUITests' from project 'CinematicCoreMacOS')
    cd /Users/stephanmorris/Documents/macOS-rl-viritual-camera/CinematicCoreMacOS
    builtin-copyPlist --validate --convert xml1 --macro-expansion WRAPPEDPRODUCTNAME CinematicCoreMacOSUITests-Runner --macro-expansion WRAPPEDPRODUCTBUNDLEIDENTIFIER Morris.CinematicCoreMacOSUITests.xctrunner --macro-expansion TESTPRODUCTNAME CinematicCoreMacOSUITests --macro-expansion TESTPRODUCTBUNDLEIDENTIFIER Morris.CinematicCoreMacOSUITests --copy-value UIDeviceFamily /tmp/alfie-diagnostics/build/Build/Products/Debug/CinematicCoreMacOSUITests-Runner.app/Contents/PlugIns/CinematicCoreMacOSUITests.xctest/Contents/Info.plist --outdir /tmp/alfie-diagnostics/build/Build/Products/Debug/CinematicCoreMacOSUITests-Runner.app/Contents -- /Applications/Xcode.app/Contents/Developer/Platforms/MacOSX.platform/Developer/Library/Xcode/Agents/XCTRunner.app/Contents/Info.plist

Copy /tmp/alfie-diagnostics/build/Build/Products/Debug/CinematicCoreMacOSUITests-Runner.app/Contents/PkgInfo /Applications/Xcode.app/Contents/Developer/Platforms/MacOSX.platform/Developer/Library/Xcode/Agents/XCTRunner.app/Contents/PkgInfo (in target 'CinematicCoreMacOSUITests' from project 'CinematicCoreMacOS')
    cd /Users/stephanmorris/Documents/macOS-rl-viritual-camera/CinematicCoreMacOS
    builtin-copy -exclude .DS_Store -exclude CVS -exclude .svn -exclude .git -exclude .hg -resolve-src-symlinks /Applications/Xcode.app/Contents/Developer/Platforms/MacOSX.platform/Developer/Library/Xcode/Agents/XCTRunner.app/Contents/PkgInfo /tmp/alfie-diagnostics/build/Build/Products/Debug/CinematicCoreMacOSUITests-Runner.app/Contents

CopyAndPreserveArchs /tmp/alfie-diagnostics/build/Build/Products/Debug/CinematicCoreMacOSUITests-Runner.app/Contents/MacOS/CinematicCoreMacOSUITests-Runner (in target 'CinematicCoreMacOSUITests' from project 'CinematicCoreMacOS')
    cd /Users/stephanmorris/Documents/macOS-rl-viritual-camera/CinematicCoreMacOS
    /Applications/Xcode.app/Contents/Developer/Toolchains/XcodeDefault.xctoolchain/usr/bin/lipo /Applications/Xcode.app/Contents/Developer/Platforms/MacOSX.platform/Developer/Library/Xcode/Agents/XCTRunner.app/Contents/MacOS/XCTRunner -output /tmp/alfie-diagnostics/build/Build/Products/Debug/CinematicCoreMacOSUITests-Runner.app/Contents/MacOS/CinematicCoreMacOSUITests-Runner -extract arm64

MkDir /tmp/alfie-diagnostics/build/Build/Products/Debug/CinematicCoreMacOSUITests-Runner.app (in target 'CinematicCoreMacOSUITests' from project 'CinematicCoreMacOS')
    cd /Users/stephanmorris/Documents/macOS-rl-viritual-camera/CinematicCoreMacOS
    /bin/mkdir -p /tmp/alfie-diagnostics/build/Build/Products/Debug/CinematicCoreMacOSUITests-Runner.app

Copy /tmp/alfie-diagnostics/build/Build/Products/Debug/CinematicCoreMacOSUITests-Runner.app/Contents/Frameworks/XCTestSupport.framework /Applications/Xcode.app/Contents/Developer/Platforms/MacOSX.platform/Developer/Library/PrivateFrameworks/XCTestSupport.framework (in target 'CinematicCoreMacOSUITests' from project 'CinematicCoreMacOS')
    cd /Users/stephanmorris/Documents/macOS-rl-viritual-camera/CinematicCoreMacOS
    builtin-copy -exclude .DS_Store -exclude CVS -exclude .svn -exclude .git -exclude .hg -exclude Headers -exclude PrivateHeaders -exclude Modules -exclude \*.tbd -resolve-src-symlinks /Applications/Xcode.app/Contents/Developer/Platforms/MacOSX.platform/Developer/Library/PrivateFrameworks/XCTestSupport.framework /tmp/alfie-diagnostics/build/Build/Products/Debug/CinematicCoreMacOSUITests-Runner.app/Contents/Frameworks

Copy /tmp/alfie-diagnostics/build/Build/Products/Debug/CinematicCoreMacOSUITests-Runner.app/Contents/Frameworks/Testing.framework /Applications/Xcode.app/Contents/Developer/Platforms/MacOSX.platform/Developer/Library/Frameworks/Testing.framework (in target 'CinematicCoreMacOSUITests' from project 'CinematicCoreMacOS')
    cd /Users/stephanmorris/Documents/macOS-rl-viritual-camera/CinematicCoreMacOS
    builtin-copy -exclude .DS_Store -exclude CVS -exclude .svn -exclude .git -exclude .hg -exclude Headers -exclude PrivateHeaders -exclude Modules -exclude \*.tbd -resolve-src-symlinks /Applications/Xcode.app/Contents/Developer/Platforms/MacOSX.platform/Developer/Library/Frameworks/Testing.framework /tmp/alfie-diagnostics/build/Build/Products/Debug/CinematicCoreMacOSUITests-Runner.app/Contents/Frameworks

Copy /tmp/alfie-diagnostics/build/Build/Products/Debug/CinematicCoreMacOSUITests-Runner.app/Contents/Frameworks/XCUIAutomation.framework /Applications/Xcode.app/Contents/Developer/Platforms/MacOSX.platform/Developer/Library/Frameworks/XCUIAutomation.framework (in target 'CinematicCoreMacOSUITests' from project 'CinematicCoreMacOS')
    cd /Users/stephanmorris/Documents/macOS-rl-viritual-camera/CinematicCoreMacOS
    builtin-copy -exclude .DS_Store -exclude CVS -exclude .svn -exclude .git -exclude .hg -exclude Headers -exclude PrivateHeaders -exclude Modules -exclude \*.tbd -resolve-src-symlinks /Applications/Xcode.app/Contents/Developer/Platforms/MacOSX.platform/Developer/Library/Frameworks/XCUIAutomation.framework /tmp/alfie-diagnostics/build/Build/Products/Debug/CinematicCoreMacOSUITests-Runner.app/Contents/Frameworks

Copy /tmp/alfie-diagnostics/build/Build/Products/Debug/CinematicCoreMacOSUITests-Runner.app/Contents/Frameworks/XCTest.framework /Applications/Xcode.app/Contents/Developer/Platforms/MacOSX.platform/Developer/Library/Frameworks/XCTest.framework (in target 'CinematicCoreMacOSUITests' from project 'CinematicCoreMacOS')
    cd /Users/stephanmorris/Documents/macOS-rl-viritual-camera/CinematicCoreMacOS
    builtin-copy -exclude .DS_Store -exclude CVS -exclude .svn -exclude .git -exclude .hg -exclude Headers -exclude PrivateHeaders -exclude Modules -exclude \*.tbd -resolve-src-symlinks /Applications/Xcode.app/Contents/Developer/Platforms/MacOSX.platform/Developer/Library/Frameworks/XCTest.framework /tmp/alfie-diagnostics/build/Build/Products/Debug/CinematicCoreMacOSUITests-Runner.app/Contents/Frameworks

Copy /tmp/alfie-diagnostics/build/Build/Products/Debug/CinematicCoreMacOSUITests-Runner.app/Contents/Frameworks/XCUnit.framework /Applications/Xcode.app/Contents/Developer/Platforms/MacOSX.platform/Developer/Library/PrivateFrameworks/XCUnit.framework (in target 'CinematicCoreMacOSUITests' from project 'CinematicCoreMacOS')
    cd /Users/stephanmorris/Documents/macOS-rl-viritual-camera/CinematicCoreMacOS
    builtin-copy -exclude .DS_Store -exclude CVS -exclude .svn -exclude .git -exclude .hg -exclude Headers -exclude PrivateHeaders -exclude Modules -exclude \*.tbd -resolve-src-symlinks /Applications/Xcode.app/Contents/Developer/Platforms/MacOSX.platform/Developer/Library/PrivateFrameworks/XCUnit.framework /tmp/alfie-diagnostics/build/Build/Products/Debug/CinematicCoreMacOSUITests-Runner.app/Contents/Frameworks

Copy /tmp/alfie-diagnostics/build/Build/Products/Debug/CinematicCoreMacOSUITests-Runner.app/Contents/Frameworks/libXCTestSwiftSupport.dylib /Applications/Xcode.app/Contents/Developer/Platforms/MacOSX.platform/Developer/usr/lib/libXCTestSwiftSupport.dylib (in target 'CinematicCoreMacOSUITests' from project 'CinematicCoreMacOS')
    cd /Users/stephanmorris/Documents/macOS-rl-viritual-camera/CinematicCoreMacOS
    builtin-copy -exclude .DS_Store -exclude CVS -exclude .svn -exclude .git -exclude .hg -exclude Headers -exclude PrivateHeaders -exclude Modules -exclude \*.tbd -resolve-src-symlinks /Applications/Xcode.app/Contents/Developer/Platforms/MacOSX.platform/Developer/usr/lib/libXCTestSwiftSupport.dylib /tmp/alfie-diagnostics/build/Build/Products/Debug/CinematicCoreMacOSUITests-Runner.app/Contents/Frameworks

Copy /tmp/alfie-diagnostics/build/Build/Products/Debug/CinematicCoreMacOSUITests-Runner.app/Contents/Frameworks/XCTAutomationSupport.framework /Applications/Xcode.app/Contents/Developer/Platforms/MacOSX.platform/Developer/Library/PrivateFrameworks/XCTAutomationSupport.framework (in target 'CinematicCoreMacOSUITests' from project 'CinematicCoreMacOS')
    cd /Users/stephanmorris/Documents/macOS-rl-viritual-camera/CinematicCoreMacOS
    builtin-copy -exclude .DS_Store -exclude CVS -exclude .svn -exclude .git -exclude .hg -exclude Headers -exclude PrivateHeaders -exclude Modules -exclude \*.tbd -resolve-src-symlinks /Applications/Xcode.app/Contents/Developer/Platforms/MacOSX.platform/Developer/Library/PrivateFrameworks/XCTAutomationSupport.framework /tmp/alfie-diagnostics/build/Build/Products/Debug/CinematicCoreMacOSUITests-Runner.app/Contents/Frameworks

Copy /tmp/alfie-diagnostics/build/Build/Products/Debug/CinematicCoreMacOSUITests-Runner.app/Contents/Frameworks/XCTestCore.framework /Applications/Xcode.app/Contents/Developer/Platforms/MacOSX.platform/Developer/Library/PrivateFrameworks/XCTestCore.framework (in target 'CinematicCoreMacOSUITests' from project 'CinematicCoreMacOS')
    cd /Users/stephanmorris/Documents/macOS-rl-viritual-camera/CinematicCoreMacOS
    builtin-copy -exclude .DS_Store -exclude CVS -exclude .svn -exclude .git -exclude .hg -exclude Headers -exclude PrivateHeaders -exclude Modules -exclude \*.tbd -resolve-src-symlinks /Applications/Xcode.app/Contents/Developer/Platforms/MacOSX.platform/Developer/Library/PrivateFrameworks/XCTestCore.framework /tmp/alfie-diagnostics/build/Build/Products/Debug/CinematicCoreMacOSUITests-Runner.app/Contents/Frameworks

RegisterExecutionPolicyException /tmp/alfie-diagnostics/build/Build/Products/Debug/CinematicCoreMacOSUITests-Runner.app/Contents/PlugIns/CinematicCoreMacOSUITests.xctest (in target 'CinematicCoreMacOSUITests' from project 'CinematicCoreMacOS')
    cd /Users/stephanmorris/Documents/macOS-rl-viritual-camera/CinematicCoreMacOS
    builtin-RegisterExecutionPolicyException /tmp/alfie-diagnostics/build/Build/Products/Debug/CinematicCoreMacOSUITests-Runner.app/Contents/PlugIns/CinematicCoreMacOSUITests.xctest

Touch /tmp/alfie-diagnostics/build/Build/Products/Debug/CinematicCoreMacOSUITests-Runner.app/Contents/PlugIns/CinematicCoreMacOSUITests.xctest (in target 'CinematicCoreMacOSUITests' from project 'CinematicCoreMacOS')
    cd /Users/stephanmorris/Documents/macOS-rl-viritual-camera/CinematicCoreMacOS
    /usr/bin/touch -c /tmp/alfie-diagnostics/build/Build/Products/Debug/CinematicCoreMacOSUITests-Runner.app/Contents/PlugIns/CinematicCoreMacOSUITests.xctest

** TEST BUILD SUCCEEDED **

